Player,From,To,Tm,Lg,WS,G,GS,MP,PER,3PAr,FTr,ORB%,DRB%,TRB%,AST%,STL%,BLK%,TOV%,USG%,ORtg,DRtg,OWS,DWS,WS/48,OBPM,DBPM,BPM,VORP,Year
Kawhi Leonard,2012,2014,SAS,NBA,19.4,188,161,5267,17.6,0.295,0.216,5.5,17.6,11.8,8.4,2.9,1.5,9.7,16.5,116,99,9.8,9.6,0.177,1.9,2.8,4.7,8.9,2011
Kenneth Faried,2012,2014,DEN,NBA,18.9,206,196,5463,19.7,0.002,0.408,13.3,22.7,18,6.1,1.7,2.8,12.3,19.3,116,104,11.7,7.2,0.166,0.9,1.2,2,5.6,2011
Jonas Valanciunas,2013,2015,TOR,NBA,18.9,223,218,5860,17.6,0.001,0.426,11.1,24.3,17.7,4,0.7,3.3,14.4,18.3,116,105,11.8,7.1,0.155,-0.9,0.1,-0.8,1.7,2011
Chandler Parsons,2012,2014,HOU,NBA,18,213,207,7345,15,0.373,0.183,3.8,13.2,8.6,15.3,1.6,0.9,12.2,18.3,112,107,11.5,6.4,0.117,1.8,0.6,2.4,8.2,2011
Isaiah Thomas,2012,2014,SAC,NBA,17.1,216,153,6275,18.7,0.362,0.352,2.2,7.7,4.8,27.9,1.7,0.2,13.7,23.5,115,113,15.8,1.2,0.13,4,-2.8,1.2,5.1,2011
Kyrie Irving,2012,2014,CLE,NBA,16,181,181,6102,20.9,0.264,0.27,2.3,10.4,6.2,33.2,2.1,0.8,13.7,29,109,109,12.2,3.9,0.126,4.6,-1.3,3.3,8.1,2011
Jimmy Butler,2012,2014,CHI,NBA,15.2,191,87,5084,14.2,0.277,0.488,5.5,10.4,8,9.7,2.3,1.1,10.2,15.7,113,102,7.4,7.8,0.143,0.3,1.7,2,5.1,2011
Nikola Mirotic,2015,2017,CHI,NBA,13.4,218,56,4979,16,0.558,0.319,4,20.6,12.4,8.7,1.7,2.3,11.3,21.2,108,103,6,7.4,0.129,0.8,0.2,0.9,3.6,2011
Klay Thompson,2012,2014,GSW,NBA,12.7,229,192,7412,13.8,0.418,0.136,1.4,9.1,5.3,11,1.4,1.1,10.5,22.8,104,108,6.6,6.1,0.082,0.9,-1.1,-0.2,3.4,2011
Tristan Thompson,2012,2014,CLE,NBA,12.1,224,189,6582,15,0.003,0.411,12.7,20.7,16.6,5.2,1,2,11.7,18.2,107,108,6.9,5.2,0.088,-1.6,-0.4,-1.9,0.2,2011
Nikola Vucevic,2012,2014,TOT,NBA,11.9,185,149,5183,17.6,0.006,0.158,11.8,27.1,19.5,9.1,1.4,2.4,12.5,20.2,105,103,4.8,7.1,0.11,-1.3,1.4,0.1,2.7,2011
Kemba Walker,2012,2014,CHA,NBA,10.2,221,180,7265,17.1,0.281,0.292,2,11.1,6.5,30.4,2.2,0.9,12.1,25.6,102,109,5.3,4.9,0.067,2,-1.1,0.9,5.3,2011
Markieff Morris,2012,2014,PHO,NBA,9.6,226,39,5217,14.9,0.189,0.29,7.3,17.8,12.5,9.7,1.8,2.2,12.8,21.3,103,105,3.9,5.7,0.089,-0.9,0.8,-0.1,2.5,2011
Davis Bertans,2017,2019,SAS,NBA,8.9,211,28,3349,13.3,0.724,0.137,2.1,13.9,8.1,8.7,1.1,2.2,8.9,15.4,118,108,5,3.9,0.128,1.4,-0.1,1.3,2.8,2011
Kyle Singler,2013,2015,TOT,NBA,8.7,244,168,6373,10.2,0.407,0.213,4.4,10.3,7.2,5.6,1.3,1.2,11.2,14.4,108,111,5.6,3.1,0.066,-0.5,-0.6,-1.2,1.4,2011
Reggie Jackson,2012,2014,OKC,NBA,7.6,195,36,3771,14.3,0.294,0.191,2.5,12.9,8,21.8,1.9,0.5,14.5,21,104,105,3.2,4.4,0.096,-0.3,-0.6,-1,1,2011
Tobias Harris,2012,2014,TOT,NBA,7.4,158,79,3628,16,0.184,0.311,5.8,19.4,12.6,8,1.2,1.6,9.9,22,106,107,4.1,3.4,0.098,-0.9,-0.7,-1.6,0.3,2011
Derrick Williams,2012,2014,TOT,NBA,7.4,222,86,5154,13,0.245,0.411,5.2,18.3,11.6,4.5,1.2,1.3,10.9,20.2,102,107,2.8,4.6,0.068,-2.2,-1,-3.1,-1.5,2011
Donatas Motiejunas,2013,2015,HOU,NBA,6.7,177,79,3527,13.1,0.248,0.259,7.5,15.6,11.6,9.2,1.2,1.4,13.4,19.2,105,106,3.1,3.7,0.091,-1.2,-0.3,-1.5,0.5,2011
Iman Shumpert,2012,2014,NYK,NBA,6.3,178,138,4663,10.5,0.396,0.176,3.8,12.2,7.9,12.3,2.7,0.5,14,15.9,100,105,1.3,5.1,0.065,-0.7,0.9,0.1,2.5,2011
Bojan Bogdanovic,2015,2017,TOT,NBA,6.2,238,121,6052,12,0.454,0.222,2.3,11.4,6.8,7.3,0.8,0.3,12,19.8,105,113,4.6,1.7,0.049,-0.2,-2.6,-2.7,-1.1,2011
Enes Kanter,2012,2014,UTA,NBA,6.2,216,39,4090,15.9,0.002,0.29,12.8,20.7,16.7,5,1,1.9,15.3,21.8,104,109,3.4,2.8,0.073,-1.9,-1.7,-3.6,-1.6,2011
Marcus Morris,2012,2014,TOT,NBA,5.8,176,24,3450,12.9,0.414,0.231,5.5,14.5,10,6.9,1.7,0.9,11.5,19.5,105,107,2.7,3.1,0.081,-0.3,-0.8,-1.1,0.8,2011
Alec Burks,2012,2014,UTA,NBA,5.7,201,12,4269,14.2,0.178,0.409,4.1,10.6,7.2,14.2,1.6,0.6,12.8,22.7,104,111,4,1.7,0.064,-0.1,-1.7,-1.9,0.1,2011
Lavoy Allen,2012,2014,TOT,NBA,5.6,185,54,3365,12,0.015,0.135,10.5,18.7,14.5,8.1,0.9,2.5,10.9,14.7,103,105,1.9,3.7,0.08,-3.1,0.7,-2.4,-0.4,2011
Bismack Biyombo,2012,2014,CHA,NBA,5.2,220,115,4713,11,0,0.487,9.7,22.4,15.9,2.4,0.6,5.7,17.1,10.9,99,106,0.7,4.5,0.053,-4.8,1.5,-3.3,-1.5,2011
Brandon Knight,2012,2014,TOT,NBA,5.1,213,204,6894,13.5,0.344,0.25,2.2,10.1,6,23,1.4,0.4,15.6,23.8,100,112,2.9,2.2,0.036,0.7,-2.3,-1.6,0.6,2011
Jan Vesely,2012,2014,TOT,NBA,4,162,25,2455,10.9,0.004,0.311,10.2,15.6,12.9,6,2.2,2.7,17.6,12.7,101,103,0.8,3.2,0.078,-2.7,2.1,-0.6,0.9,2011
Cory Joseph,2012,2014,SAS,NBA,3.8,125,29,1590,13.1,0.166,0.301,3.7,9.3,6.6,18,1.8,1,13.1,16.6,109,104,1.8,2,0.115,-1,0.4,-0.6,0.6,2011
Jon Leuer,2012,2014,TOT,NBA,3.6,123,12,1384,15.7,0.125,0.18,7.7,18.6,13.1,6.3,1.4,1.7,9.1,19,110,104,2,1.6,0.126,-1.1,-0.8,-1.9,0,2011
Shelvin Mack,2012,2014,TOT,NBA,3.5,168,14,2685,12.5,0.325,0.176,1.5,10.9,6.2,27.6,1.8,0.1,15.8,18.3,102,108,1.4,2,0.062,-1.3,-1.7,-3.1,-0.7,2011
Jordan Hamilton,2012,2014,TOT,NBA,2.7,126,15,1674,13.9,0.462,0.119,5.1,18,11.7,8.9,1.9,1.4,10.1,20.8,102,106,0.9,1.8,0.077,-0.5,-0.7,-1.2,0.3,2011
MarShon Brooks,2012,2014,TOT,NBA,2.5,164,49,2876,13.4,0.209,0.26,4.4,10.1,7.2,14.4,1.8,0.9,14.7,22.8,100,110,1.1,1.4,0.041,-1,-1.5,-2.5,-0.4,2011
Chris Singleton,2012,2014,WAS,NBA,2.3,148,62,2605,8.2,0.294,0.224,4.8,15.7,10.2,5.3,2.3,1.7,12.8,13.5,92,103,-1.1,3.3,0.042,-3.5,1.3,-2.3,-0.2,2011
Jimmer Fredette,2012,2014,TOT,NBA,2.2,179,7,2621,13.2,0.421,0.155,1.8,6.7,4.2,16.8,1.5,0.3,13.7,22.5,103,114,2.1,0,0.04,0.2,-3.9,-3.7,-1.1,2011
E'Twaun Moore,2012,2014,TOT,NBA,2.2,192,24,3519,10.7,0.345,0.115,2.6,8.2,5.4,15.8,1.8,0.9,12.9,18.3,97,109,-0.1,2.3,0.03,-1.8,-1.1,-2.8,-0.7,2011
Josh Harrellson,2012,2014,TOT,NBA,2.1,75,4,888,13.4,0.396,0.146,10,19.2,14.5,4.4,1.7,3.2,11.4,14.4,108,102,0.9,1.3,0.116,-1.4,0.7,-0.7,0.3,2011
Norris Cole,2012,2014,MIA,NBA,1.8,227,12,4864,8.3,0.253,0.169,1.5,7.9,4.8,16.8,1.9,0.2,18.5,17.7,92,107,-2.7,4.5,0.018,-3.1,-1.2,-4.3,-2.8,2011
Jordan Williams,2012,2012,NJN,NBA,1.3,43,5,635,14.5,0,0.434,11.7,16.9,14.3,2.9,1.8,1.8,11.3,14.7,112,108,1,0.4,0.101,-1.9,-1.1,-3.1,-0.2,2011
DeAndre Liggins,2012,2014,TOT,NBA,0.6,57,1,406,9.5,0.315,0.507,5.9,13.1,9.8,7.2,3.1,0.6,21.2,12.8,97,102,0,0.6,0.071,-2.3,1.1,-1.3,0.1,2011
Charles Jenkins,2012,2013,TOT,NBA,0.5,110,29,1334,10.7,0.053,0.148,1.4,7.1,4.2,24.9,1.9,0.5,15.6,17.9,97,111,0,0.4,0.017,-3.5,-2.4,-5.9,-1.3,2011
Vernon Macklin,2012,2012,DET,NBA,0.5,23,0,135,18.2,0,0.4,12,18.3,15,6.4,1.6,2.3,6.8,15.1,121,105,0.3,0.1,0.161,-0.2,-0.5,-0.6,0,2011
Malcolm Lee,2012,2015,TOT,NBA,0.4,36,12,534,9.5,0.25,0.272,5,8.9,6.9,14.8,1.9,1.4,15.1,15,97,107,0,0.4,0.04,-2.4,0.4,-2,0,2011
Jeremy Tyler,2012,2014,TOT,NBA,0.3,104,23,1034,11.1,0.003,0.304,10.8,19.2,15,3.9,1.2,3.3,14.7,20.7,93,107,-0.5,0.8,0.014,-5.2,-1.4,-6.6,-1.2,2011
JaJuan Johnson,2012,2012,BOS,NBA,0.2,36,0,298,11.4,0,0.074,8.3,14.4,11.5,3.6,0.9,3.6,10.1,22.4,88,99,-0.3,0.5,0.032,-5.9,-0.4,-6.3,-0.3,2011
Travis Leslie,2012,2012,LAC,NBA,0.1,10,0,45,14.6,0,0.643,15.7,8,11.9,17,2.4,3.7,10,20.5,98,105,0,0,0.06,-1.5,1.3,-0.2,0,2011
Darius Morris,2012,2014,TOT,NBA,0.1,94,17,1165,8,0.347,0.221,3.2,6.2,4.7,18.4,1.6,0.1,20.3,17.1,94,110,-0.5,0.6,0.005,-3.1,-2.1,-5.2,-1,2011
Keith Benson,2012,2012,GSW,NBA,0,3,0,9,6,0,0,25.3,12.6,18.9,0,0,0,0,5.1,98,115,0,0,-0.005,-5.4,-5.1,-10.4,0,2011
Andrew Goudelock,2012,2016,TOT,NBA,0,49,0,475,8.6,0.429,0.082,1.7,6.1,4,8.5,1.1,0.4,12.1,22.1,93,109,-0.2,0.2,0.003,-2.7,-3.8,-6.5,-0.5,2011
Trey Thompkins,2012,2012,LAC,NBA,0,24,0,119,12,0.213,0.115,4,20.2,12,4.5,1.4,2.1,8.6,27.2,90,105,-0.1,0.1,0.004,-5.5,-3.3,-8.9,-0.2,2011
Tyler Honeycutt,2012,2013,SAC,NBA,-0.1,24,0,120,8.1,0.143,0.2,5.4,17.5,11.2,10.9,1.7,2.5,15.5,16.4,81,109,-0.2,0.1,-0.049,-6.1,-0.3,-6.4,-0.1,2011
Justin Harper,2012,2017,TOT,NBA,-0.3,22,0,150,3.6,0.547,0.057,3.7,10,6.8,4.4,1.1,1.6,18.1,20.1,75,108,-0.4,0.1,-0.093,-6.3,-2.1,-8.4,-0.2,2011
Josh Selby,2012,2013,MEM,NBA,-0.7,38,0,296,2.7,0.223,0.266,0.8,7.3,4,17.6,1.6,0,25.5,21.7,73,106,-1,0.3,-0.113,-7.8,-2.3,-10.1,-0.6,2011
Nolan Smith,2012,2013,POR,NBA,-0.8,84,4,829,7.5,0.248,0.19,3.3,8.4,5.8,18.8,1.6,0.4,18.2,21.5,86,110,-1.1,0.3,-0.047,-4.2,-2.3,-6.5,-0.9,2011
Anthony Davis,2013,2015,TOT,NBA,30.5,199,194,6659,26.8,0.009,0.391,9.4,23.7,16.5,8.8,2.1,6.1,8,25.2,119,103,20.8,9.7,0.22,2.5,2.4,4.9,11.5,2012
Damian Lillard,2013,2015,POR,NBA,26,246,246,9029,18.5,0.412,0.29,1.6,9.6,5.6,27.7,1.3,0.5,12.9,25.3,112,109,20.2,5.9,0.138,4,-1.4,2.6,10.6,2012
Andre Drummond,2013,2015,DET,NBA,22,223,173,6364,22,0.003,0.411,17.4,28.6,22.8,3.2,1.9,4.7,10.5,18.9,113,102,11.9,10.1,0.166,-0.1,1.1,1.1,4.9,2012
Draymond Green,2013,2015,GSW,NBA,13.6,240,92,5348,13.3,0.379,0.255,5.4,20.9,13.4,12.9,2.5,2.8,14.3,15.8,103,98,3,10.6,0.122,-1,3.7,2.6,6.3,2012
Harrison Barnes,2013,2015,GSW,NBA,12.7,241,187,6580,11.4,0.28,0.265,4,13.9,9.1,7.2,1.3,0.6,10.5,16.4,106,105,5,7.7,0.093,-1.2,0.4,-0.9,1.9,2012
Tyler Zeller,2013,2015,TOT,NBA,11.1,229,123,4813,14.8,0.003,0.316,9.3,18.7,13.8,8.2,0.8,2.7,12.1,17.5,111,107,6.9,4.2,0.111,-1.4,0.4,-1,1.2,2012
Terrence Jones,2013,2015,HOU,NBA,11,128,95,3243,18.7,0.142,0.277,9.6,18,13.9,7.1,1.3,4.1,8.9,18.3,117,104,6.7,4.4,0.163,0.4,1.6,1.9,3.2,2012
Bradley Beal,2013,2015,WAS,NBA,10.7,192,178,6382,14,0.312,0.191,2.7,10.2,6.4,15,1.6,0.8,10.5,23.1,102,106,3.9,6.8,0.081,0.2,-0.5,-0.3,2.7,2012
Jared Sullinger,2013,2015,BOS,NBA,10.6,177,98,4499,16.3,0.217,0.216,11.9,21,16.4,10.8,1.1,1.9,10.1,22.1,106,105,5.1,5.5,0.113,0.2,0.3,0.5,2.8,2012
Khris Middleton,2013,2015,TOT,NBA,10.3,188,122,5313,13.8,0.323,0.174,2.4,13,7.6,11.9,2.1,0.5,11,19.2,107,108,5.7,4.5,0.093,0.4,-0.6,-0.3,2.3,2012
Tomas Satoransky,2017,2019,WAS,NBA,9.9,202,79,4279,13.8,0.283,0.259,4.5,10.4,7.4,23.4,1.7,0.7,16.8,13.6,120,113,7.3,2.6,0.111,0.3,-0.5,-0.2,1.9,2012
Michael Kidd-Gilchrist,2013,2015,TOT,NBA,9,195,191,5114,13.8,0.012,0.404,7.5,19,13.1,8.1,1.3,2.3,11.6,17.2,104,106,3.6,5.4,0.084,-2.4,0.9,-1.4,0.8,2012
John Henson,2013,2015,MIL,NBA,8.7,200,43,3911,18,0.003,0.317,11.6,20.5,15.9,9,1.2,6.1,14.1,20.1,105,104,3.6,5.1,0.107,-1.7,2.1,0.4,2.3,2012
Jae Crowder,2013,2015,TOT,NBA,7.8,238,41,4254,12.1,0.456,0.228,4,13.7,8.9,8.5,2.3,1.2,9.5,15.5,106,106,3.3,4.5,0.087,-0.3,0.6,0.2,2.4,2012
Terrence Ross,2013,2015,TOR,NBA,7.5,236,125,5490,11.3,0.507,0.1,2.3,10.9,6.6,6.5,1.5,1,9.1,18.7,103,108,3.4,4.1,0.065,0,-1.3,-1.3,1,2012
Miles Plumlee,2013,2015,TOT,NBA,6.5,167,107,3213,14,0,0.22,11.2,22.5,16.8,3.7,1.4,3.8,15.4,14.7,105,103,2,4.5,0.098,-2.9,1.7,-1.1,0.7,2012
Mike Scott,2013,2015,ATL,NBA,6.1,188,7,2981,15.3,0.32,0.216,5.7,17,11.4,9.2,1,0.3,9.4,22.7,106,107,3.4,2.8,0.099,-0.5,-2.4,-2.9,-0.7,2012
Festus Ezeli,2013,2016,GSW,NBA,5.9,170,61,2394,13.4,0,0.543,13.8,18.9,16.5,3.7,1,5.3,16.7,14.6,107,102,2.2,3.8,0.119,-3,1.9,-1.1,0.6,2012
Meyers Leonard,2013,2015,POR,NBA,5.9,164,16,2408,12.7,0.204,0.232,7.1,21.2,14.2,5.3,0.6,1.7,13.2,14.6,114,106,3.5,2.3,0.117,-1.6,-0.2,-1.7,0.2,2012
Maurice Harkless,2013,2015,ORL,NBA,5.5,201,104,4598,11.6,0.271,0.259,5.6,11.8,8.7,5.2,2.4,2.1,11.9,15.1,100,107,1.1,4.4,0.057,-1.9,1,-0.9,1.3,2012
Kyle O'Quinn,2013,2015,ORL,NBA,5.5,177,41,2650,15.8,0.058,0.228,8.9,24.1,16.5,11.6,1.6,4.6,16,18.2,103,103,1.7,3.8,0.099,-2.5,2.5,0,1.3,2012
Jeremy Lamb,2013,2015,OKC,NBA,5.1,148,8,2318,13.7,0.419,0.143,2,12.6,7.5,11.1,1.7,1.2,8.7,20.5,107,106,2.5,2.6,0.105,-0.4,-1.3,-1.7,0.2,2012
Evan Fournier,2013,2015,TOT,NBA,4.4,172,40,3592,11.7,0.406,0.243,2.1,10,6,12,1.3,0.2,13.2,19.8,104,111,2.8,1.7,0.059,-0.2,-2,-2.1,-0.1,2012
Quincy Acy,2013,2015,TOT,NBA,4.3,160,22,2476,11.9,0.141,0.344,8.3,19.6,13.8,6.9,1.3,2.1,14.5,13.6,108,108,2.3,2,0.084,-2.1,0.3,-1.9,0.1,2012
Justin Hamilton,2014,2017,TOT,NBA,3.7,113,21,1961,13.9,0.381,0.18,7.5,15,11.3,7.3,1.5,2.9,10.5,15.5,110,109,2.1,1.6,0.091,-0.7,0.3,-0.3,0.8,2012
Dion Waiters,2013,2015,TOT,NBA,3.7,211,95,6036,12.8,0.254,0.225,1.7,8.4,5,15.9,1.8,0.7,11.4,25.1,98,110,0,3.7,0.029,-1,-2,-3,-1.5,2012
Thomas Robinson,2013,2015,TOT,NBA,3.1,194,4,2727,13.2,0.005,0.362,12.9,24.5,18.7,6.8,1.8,1.8,16.8,19.6,96,104,-0.5,3.5,0.054,-3.8,0.3,-3.5,-1.1,2012
John Jenkins,2013,2015,ATL,NBA,2.5,98,5,1357,12.7,0.478,0.214,1.9,11,6.5,9.3,0.9,0.6,11,18.2,108,108,1.5,1,0.088,-0.7,-2.2,-2.9,-0.3,2012
Andrew Nicholson,2013,2015,ORL,NBA,2.4,191,36,2915,12.2,0.119,0.161,5.4,17.8,11.5,5.3,0.9,1.8,11.6,20.7,98,109,0.3,2.1,0.039,-3.8,-1.8,-5.6,-2.7,2012
Robert Sacre,2013,2015,LAL,NBA,2.1,164,34,2425,10.8,0.002,0.286,7.9,15.5,11.7,7,1.1,3.1,10.9,15,101,110,0.7,1.4,0.042,-3.5,0.5,-3,-0.6,2012
Robbie Hummel,2014,2015,MIN,NBA,1.9,98,9,1397,9.6,0.401,0.129,5.1,16.5,10.6,5.3,1.1,0.6,7.1,12.3,110,111,1.3,0.7,0.066,-1.6,-1.2,-2.9,-0.3,2012
Bernard James,2013,2015,DAL,NBA,1.9,92,13,761,13.8,0.02,0.49,12.6,18.5,15.6,2.4,1.1,6.4,15.5,13.1,111,104,0.9,1,0.117,-2.9,1.8,-1.1,0.2,2012
Perry Jones,2013,2015,OKC,NBA,1.7,143,21,1675,8.5,0.265,0.203,3.3,13.1,8.4,4.7,1.1,1.6,10.6,14.9,98,107,0,1.7,0.048,-3.7,-1,-4.6,-1.1,2012
Arnett Moultrie,2013,2014,PHI,NBA,1.7,59,2,729,14.1,0,0.192,13,14.7,13.8,2.6,1.8,1.5,12.2,13.2,114,107,1,0.7,0.113,-2.2,-0.8,-3,-0.2,2012
Kendall Marshall,2013,2015,TOT,NBA,1.5,130,51,2683,11.3,0.443,0.088,0.8,8.3,4.6,38.4,1.7,0.2,25.8,15.4,100,112,0.5,1,0.027,-2.1,-3.1,-5.2,-2.2,2012
Furkan Aldemir,2015,2015,PHI,NBA,1.4,41,9,540,12,0.064,0.346,14.9,20.7,17.7,8.3,1.6,2.4,15.9,8.6,117,104,0.7,0.7,0.122,-2.7,2,-0.7,0.2,2012
Will Barton,2013,2015,TOT,NBA,1.4,172,5,2264,11.8,0.224,0.233,3.8,15,9.3,12,2.1,1.2,13.4,20.5,95,107,-0.7,2.1,0.029,-3,0,-3,-0.5,2012
Orlando Johnson,2013,2016,TOT,NBA,1.4,103,1,1112,8.5,0.462,0.202,3.4,14.4,9,9.9,0.9,1,11.9,16.5,96,103,-0.2,1.6,0.059,-3.2,-0.5,-3.8,-0.5,2012
Jeffery Taylor,2013,2015,TOT,NBA,1.3,132,50,2566,8.9,0.352,0.261,3.5,8.3,5.8,6.9,1.5,0.7,10.1,16.2,99,111,0.3,1,0.024,-2.1,-1.8,-3.9,-1.2,2012
Darius Miller,2013,2015,TOT,NBA,1.2,102,10,1460,7.3,0.477,0.157,1.3,9.4,5.3,8.9,1.5,1.2,13.3,10.9,106,112,0.8,0.5,0.04,-1.6,-0.9,-2.5,-0.2,2012
Austin Rivers,2013,2015,TOT,NBA,1,206,35,4320,9.3,0.232,0.299,1.8,8.7,5.2,15.7,1.4,0.6,12.3,18.6,97,112,-0.4,1.4,0.011,-2.2,-1.9,-4.1,-2.3,2012
Kostas Papanikolaou,2015,2016,TOT,NBA,0.3,69,7,1089,7.3,0.525,0.122,4.8,11.3,8,13.6,1.9,1.3,21.5,14.1,90,106,-0.7,1.1,0.015,-3.4,0.6,-2.8,-0.2,2012
Kim English,2013,2013,DET,NBA,0.2,41,0,407,7.9,0.446,0.259,2.2,8.4,5.2,9.8,2.1,0.6,13.2,16.1,96,110,0,0.2,0.021,-2.5,-1.6,-4.2,-0.2,2012
Ognjen Kuzmic,2014,2015,GSW,NBA,0.2,37,0,164,7.6,0,0.6,11.5,13.6,12.6,6.5,1.5,2.3,32.2,12.4,95,102,0,0.2,0.061,-4.3,1.8,-2.5,0,2012
Jared Cunningham,2013,2015,TOT,NBA,0.1,40,0,195,8.8,0.338,0.456,1.7,8.6,5.2,14.3,1.8,0,11.9,21.3,96,109,0,0.1,0.024,-3,-2.9,-6,-0.2,2012
Doron Lamb,2013,2014,TOT,NBA,0.1,100,0,1272,6.3,0.393,0.217,1.4,7,4.2,8.8,1,0.1,13,14.4,95,112,-0.3,0.4,0.005,-3.6,-2.3,-5.9,-1.2,2012
Fab Melo,2013,2013,BOS,NBA,0,6,0,36,4.9,0,0.667,0,9.6,4.9,0,2.9,4.4,11.4,11.5,77,100,0,0.1,0.021,-7.5,1.7,-5.8,0,2012
Royce White,2014,2014,SAC,NBA,0,3,0,9,-8.3,0,0,0,0,0,0,0,0,0,4.9,0,117,0,0,-0.121,-9.1,-1.3,-10.4,0,2012
Kris Joseph,2013,2013,TOT,NBA,-0.1,10,0,54,0.6,0.214,0.571,2.3,12.9,7.7,2.8,3,0,10.2,17,57,104,-0.2,0.1,-0.127,-9.6,-0.9,-10.5,-0.1,2012
Quincy Miller,2013,2015,TOT,NBA,-0.1,69,16,934,8.4,0.369,0.222,4.7,14.9,9.8,5.8,1.6,2.9,13.8,17.8,88,107,-1,0.9,-0.003,-4.2,0.3,-4,-0.5,2012
Tornike Shengelia,2013,2014,TOT,NBA,-0.2,45,0,247,5.7,0.157,0.471,6.2,12.5,9.4,10.7,1.3,0.7,27.2,15.9,84,109,-0.3,0.2,-0.032,-5.6,-1.1,-6.6,-0.3,2012
Darius Johnson-Odom,2013,2014,TOT,NBA,-0.3,7,0,21,-18.4,0.364,0.182,5.4,26,15.6,12.3,2.3,0,14.4,28.4,14,105,-0.3,0,-0.597,-20.8,-2.4,-23.2,-0.1,2012
Kevin Murphy,2013,2013,UTA,NBA,-0.3,17,0,52,-4.5,0.179,0,0,9.1,4.5,6.1,1,0,9.7,27.1,57,112,-0.3,0,-0.272,-12.4,-5.3,-17.6,-0.2,2012
Tony Wroten,2013,2015,TOT,NBA,-0.5,137,31,2932,13.2,0.261,0.403,3.7,9.2,6.4,25.6,2.3,0.8,18.1,28,93,109,-2.6,2.1,-0.009,-1.6,-2,-3.6,-1.2,2012
Tyshawn Taylor,2013,2014,BRK,NBA,-0.9,61,3,491,5.8,0.14,0.32,1.2,6.8,4,19,2.7,0.2,21.6,24.6,80,108,-1.3,0.4,-0.088,-6.7,-2.1,-8.8,-0.8,2012
Marquis Teague,2013,2018,TOT,NBA,-0.9,91,3,909,4.9,0.181,0.226,0.6,10.9,5.7,23.1,1.3,1,22,17.8,80,106,-1.8,0.9,-0.045,-6.9,-1.1,-8,-1.4,2012
Rudy Gobert,2014,2016,UTA,NBA,16.1,188,97,4524,19,0.002,0.726,13.5,27.5,20.5,7.3,1.4,6.6,18.6,14.1,115,99,7.5,8.6,0.171,-0.7,4.7,3.9,6.8,2013
Mason Plumlee,2014,2016,TOT,NBA,15.5,234,149,5102,17.9,0.008,0.648,10.4,21.4,15.9,11,1.8,3.2,16.7,17.9,113,104,8.9,6.6,0.146,-0.2,2.2,2,5.1,2013
Giannis Antetokounmpo,2014,2016,MIL,NBA,14.5,238,173,7261,15.3,0.123,0.433,4.6,18.9,11.8,15.5,1.6,3,16,19.5,105,106,6.5,8.1,0.096,-0.9,1.5,0.7,4.9,2013
Steven Adams,2014,2016,OKC,NBA,13.5,231,167,4982,14,0.002,0.532,12.8,17.5,15.2,4.9,1.2,3.6,16.9,13,114,104,7,6.5,0.13,-0.7,1.7,1,3.8,2013
Gorgui Dieng,2014,2016,MIN,NBA,13,215,103,5231,17.1,0.02,0.444,10.4,22.3,16.3,9.8,1.9,4.1,16.9,16,112,106,7.5,5.4,0.119,-0.3,2.5,2.2,5.5,2013
Cody Zeller,2014,2016,TOT,NBA,12.7,217,108,4677,14.6,0.01,0.491,8.3,19.6,13.8,9,1.4,2.6,12.8,16.5,109,102,5.6,7.1,0.131,-2,2.1,0.1,2.5,2013
Nerlens Noel,2015,2017,TOT,NBA,11,193,152,5323,16.5,0.002,0.367,8.6,21.7,14.9,9.7,2.9,4.4,16.5,17.8,102,101,2.1,8.9,0.099,-2.7,3.9,1.2,4.3,2013
Kelly Olynyk,2014,2016,BOS,NBA,10.6,203,30,4218,15.8,0.315,0.243,7.8,17.1,12.4,12.4,1.8,1.8,13.7,21,107,104,5.1,5.5,0.12,0.6,0.7,1.3,3.5,2013
Kentavious Caldwell-Pope,2014,2016,DET,NBA,10,238,199,6959,11.3,0.417,0.187,2.3,8.8,5.4,6.8,2,0.5,8.1,17.7,104,108,4.6,5.3,0.069,-0.1,-0.3,-0.4,2.8,2013
Victor Oladipo,2014,2016,ORL,NBA,9.7,224,167,7439,15.4,0.253,0.296,2.1,12.7,7.4,20,2.5,1.2,15.3,24.2,100,106,2.3,7.5,0.063,-0.1,0.4,0.3,4.3,2013
Otto Porter,2014,2016,WAS,NBA,8.3,186,86,4027,12.8,0.327,0.181,5.2,13.5,9.3,7.2,1.9,1.3,9.5,15.8,107,105,3.6,4.7,0.099,-0.5,0.8,0.3,2.4,2013
CJ McCollum,2014,2016,POR,NBA,8,180,83,4229,15.7,0.35,0.169,1.7,8.4,5.1,17.5,1.8,0.6,11.6,24.9,106,109,4.9,3.1,0.091,1.3,-1.6,-0.3,1.8,2013
Andre Roberson,2014,2016,OKC,NBA,6.4,177,151,3238,9.6,0.37,0.206,6.1,13.8,10.1,5.5,1.9,1.9,14.4,9.2,111,105,2.5,3.8,0.094,-1,1.7,0.7,2.2,2013
James Ennis,2015,2017,TOT,NBA,6,148,36,2881,11.7,0.426,0.349,5.6,13.7,9.6,7.2,1.6,1.3,13,14.4,112,108,3.3,2.7,0.1,-0.5,0.2,-0.3,1.3,2013
Solomon Hill,2014,2016,IND,NBA,6,169,81,3473,10.5,0.346,0.274,3.8,12.7,8.3,11.1,1.6,0.7,14,14.9,103,104,1.7,4.3,0.084,-1.3,0.9,-0.4,1.4,2013
Tim Hardaway,2014,2016,TOT,NBA,5.8,202,32,4420,12.3,0.512,0.204,1,8.6,4.7,9.3,1,0.5,7.7,20.5,106,112,4.5,1.3,0.063,0.4,-3.3,-2.9,-1,2013
Allen Crabbe,2014,2016,POR,NBA,5.6,147,17,2888,11.2,0.444,0.154,1.3,9.8,5.6,7.5,1.5,0.8,8.2,15.3,112,109,3.6,2.1,0.094,-0.1,-0.7,-0.7,0.9,2013
Trey Burke,2014,2016,UTA,NBA,5.4,210,111,5916,12.9,0.387,0.134,1.7,8.7,5.1,25.5,1.3,0.4,11.1,23.4,101,111,2.7,2.8,0.044,0.3,-2.5,-2.2,-0.3,2013
Alex Abrines,2017,2019,OKC,NBA,5,174,16,2777,8.8,0.754,0.137,1.9,8,4.9,4.4,1.6,0.7,7.9,13.8,112,110,2.5,2.5,0.086,-0.8,-1.7,-2.6,-0.4,2013
Shabazz Muhammad,2014,2016,MIN,NBA,5,157,13,2838,16.4,0.178,0.355,7.5,11.7,9.6,6.4,0.9,0.4,8,23.6,110,114,4.7,0.3,0.085,0.3,-3.9,-3.6,-1.2,2013
Jeff Withey,2014,2016,TOT,NBA,5,146,14,1601,16.6,0.008,0.513,9.2,18.8,14,5.5,1.3,6.3,12.1,14.2,118,104,2.8,2.2,0.149,-1.7,2.4,0.7,1.1,2013
Alex Len,2014,2016,PHO,NBA,4.9,189,93,3701,12.4,0.009,0.355,10.5,23.6,16.9,5.6,1,3.9,16.7,17.1,99,105,0.6,4.4,0.064,-4,1.3,-2.8,-0.7,2013
Tony Snell,2014,2016,CHI,NBA,4.5,213,67,3944,8.2,0.507,0.123,2,11.6,6.9,7.6,1,0.8,11.5,14.2,99,107,0.6,3.9,0.054,-2.2,-0.6,-2.9,-0.9,2013
Lucas Nogueira,2015,2017,TOR,NBA,4.4,92,7,1336,15.3,0.072,0.413,8.7,16.8,12.8,5.3,2.5,6.5,19.4,10.2,122,102,2,2.4,0.158,-0.4,5,4.7,2.3,2013
Joffrey Lauvergne,2015,2017,TOT,NBA,3.9,153,17,2289,13.8,0.207,0.211,8.3,21.6,14.9,9.6,1,1.1,13,19.1,106,108,1.8,2.1,0.081,-1.9,-1,-2.8,-0.5,2013
Dennis Schroder,2014,2016,ATL,NBA,3.9,206,16,3778,13.9,0.263,0.247,1.8,10.7,6.3,33.1,1.8,0.3,17.9,26.4,97,106,-0.2,4.2,0.05,-1.4,-1.5,-3,-0.9,2013
Mike Muscala,2014,2016,ATL,NBA,3.7,120,8,1282,14.9,0.17,0.207,9.6,15.5,12.6,8,1.3,3.5,12.8,16.6,112,103,1.8,1.8,0.137,-1.5,0.9,-0.6,0.5,2013
Ben McLemore,2014,2016,SAC,NBA,3.6,232,190,6300,9.1,0.444,0.207,2.1,8.9,5.5,7.4,1.4,0.6,13.4,17.2,100,112,1.2,2.4,0.027,-0.9,-1.3,-2.2,-0.3,2013
Raul Neto,2016,2018,UTA,NBA,3.4,162,53,2343,10.7,0.364,0.173,1.4,8.4,4.9,19.1,2.1,0.4,18.4,17.1,101,106,0.7,2.7,0.07,-1.7,-0.5,-2.2,-0.1,2013
Michael Carter-Williams,2014,2016,TOT,NBA,3.3,190,170,6212,14.6,0.165,0.324,3.7,15.5,9.5,31.7,2.6,1.5,18.4,24.8,94,106,-3.3,6.6,0.025,-1.2,0.7,-0.5,2.3,2013
Isaiah Canaan,2014,2016,TOT,NBA,3,146,60,3156,11.3,0.662,0.227,1.5,8.5,4.9,13.6,1.5,0.5,11.8,20.5,102,111,1.7,1.3,0.046,0.2,-2.8,-2.6,-0.5,2013
Ryan Kelly,2014,2016,LAL,NBA,3,147,59,3015,10.6,0.378,0.343,2.7,15,8.7,10.2,1.2,2,9.7,15.4,104,111,1.6,1.4,0.047,-1.8,-0.4,-2.2,-0.1,2013
Shane Larkin,2014,2016,TOT,NBA,3,202,39,4105,11.6,0.245,0.196,1.9,9.4,5.5,23.7,2.7,0.4,18.7,15.8,100,110,0.9,2.2,0.035,-1.7,-0.9,-2.6,-0.6,2013
Ray McCallum,2014,2016,TOT,NBA,2.1,154,46,2808,11,0.231,0.155,3.2,9.1,6.2,20.7,1.4,0.8,13.1,17.8,100,110,0.7,1.4,0.035,-1.4,-1.4,-2.8,-0.6,2013
Reggie Bullock,2014,2016,TOT,NBA,1.5,116,2,1162,8.5,0.595,0.114,2.4,13.9,8.2,5.8,1.3,0.5,8.7,12.6,103,107,0.4,1,0.061,-2,-0.7,-2.7,-0.2,2013
Nate Wolters,2014,2018,TOT,NBA,0.9,84,31,1575,11.3,0.153,0.212,3,10.7,6.7,21.4,1.4,0.9,12.4,16.2,101,113,0.5,0.5,0.028,-2.2,-1.7,-4,-0.8,2013
Sergey Karasev,2014,2016,TOT,NBA,0.8,95,22,1110,8.7,0.453,0.313,3,11.2,7.1,11.3,1.5,0.3,17.1,13.5,101,111,0.3,0.5,0.036,-2.1,-1.1,-3.1,-0.3,2013
Archie Goodwin,2014,2016,PHO,NBA,0.4,150,15,2182,10.9,0.223,0.419,3.9,11.4,7.6,13.3,1.5,1.2,17,22.3,94,109,-1,1.4,0.01,-3.2,-1.3,-4.5,-1.4,2013
Tony Mitchell,2014,2014,DET,NBA,0.2,21,0,79,18.1,0.083,1.583,19.7,16,18,3.4,3.8,3,16.4,13.2,117,104,0.1,0.1,0.151,-0.1,1.4,1.3,0.1,2013
Erick Green,2015,2016,TOT,NBA,0.1,52,1,452,9.3,0.297,0.08,2.4,6.7,4.5,14.7,1.4,0,7.2,18.7,97,112,0,0.1,0.011,-2.5,-2.6,-5.1,-0.3,2013
Anthony Bennett,2014,2016,TOT,NBA,0,128,3,1641,9.5,0.164,0.26,7.2,20.4,13.6,6.4,1.7,1.2,12.4,18.9,91,109,-1.2,1.2,0.001,-4.5,-1.5,-6,-1.7,2013
Carrick Felix,2014,2014,CLE,NBA,0,7,0,38,13.3,0.357,0.286,2.9,15.1,8.9,18.2,0,0,20.2,23.2,104,112,0,0,0.057,-1.1,-3.5,-4.7,0,2013
Jamaal Franklin,2014,2015,TOT,NBA,0,24,0,174,4.7,0.317,0.049,3.3,13.6,8.4,7.5,1.2,1.4,25.1,14.7,85,106,-0.2,0.2,-0.006,-5.1,-0.2,-5.4,-0.1,2013
Pierre Jackson,2017,2017,DAL,NBA,0,8,1,84,13,0.282,0.179,1.3,11.6,6.2,38,1.2,0,6.7,25.3,99,112,0,0.1,0.021,-1.7,-2.7,-4.4,-0.1,2013
Grant Jerrett,2015,2015,TOT,NBA,-0.1,8,0,51,1.5,0.577,0.038,4.4,15.2,9.9,9.6,2.1,3.1,10.2,25.4,69,103,-0.2,0.1,-0.128,-6.8,-1.5,-8.4,-0.1,2013
Erik Murphy,2014,2014,CHI,NBA,-0.1,24,0,62,0.2,0.231,0,3.7,10.8,7.3,4.9,0,5,13.3,11.2,58,103,-0.2,0.1,-0.055,-9.8,1.8,-8.1,-0.1,2013
Lorenzo Brown,2014,2016,TOT,NBA,-0.2,63,7,834,9.8,0.283,0.155,2.9,11.5,7.1,25.8,2.6,1,18.1,15.8,90,111,-0.6,0.4,-0.013,-3.2,-1,-4.2,-0.5,2013
Glen Rice,2014,2015,WAS,NBA,-0.2,16,1,152,3.8,0.462,0.25,4.5,13.9,9.1,8.5,2,0.5,16,20.4,76,105,-0.4,0.2,-0.065,-6.2,-1.1,-7.3,-0.2,2013
Peyton Siva,2014,2014,DET,NBA,-0.2,24,0,224,5.7,0.439,0.263,0.9,6.2,3.4,21,2,0.4,22.1,15.6,88,112,-0.2,0.1,-0.032,-4.4,-2.8,-7.3,-0.3,2013
Nemanja Nedovic,2014,2014,GSW,NBA,-0.4,24,0,142,-1.7,0.462,0.205,2.3,9.1,5.8,12.1,0,0.5,23.4,17.2,65,109,-0.5,0.1,-0.132,-8.9,-1.6,-10.6,-0.3,2013
Ricky Ledo,2014,2015,TOT,NBA,-0.6,28,0,277,7,0.31,0.23,6.5,9.4,7.9,12.6,1.3,0.3,18.4,25.2,83,113,-0.6,0,-0.096,-4.5,-3.4,-7.8,-0.4,2013
Nikola Jokic,2016,2018,DEN,NBA,27.1,228,187,6214,24.3,0.204,0.297,10.5,26.8,18.7,26.1,1.8,2.2,14.8,22.7,122,107,20,7.1,0.209,4.6,2.2,6.9,13.9,2014
Joel Embiid,2017,2019,PHI,NBA,16.4,154,154,4729,24.3,0.214,0.508,8.3,30.9,19.9,17.4,1.1,5.1,15.1,33.7,109,102,7.5,8.9,0.166,0.7,2.4,3.2,6.2,2014
Rodney Hood,2015,2017,UTA,NBA,10.7,188,155,5198,13.2,0.46,0.196,1.4,11.5,6.5,12.9,1.4,0.6,9.7,21.6,107,107,5.4,5.3,0.099,0.7,-0.9,-0.2,2.3,2014
Dario Saric,2017,2019,TOT,NBA,10.6,231,141,6213,13.9,0.422,0.231,6.7,18.3,12.6,12.2,1.2,0.8,13.6,21.2,106,109,4.4,6.2,0.082,-0.1,-0.5,-0.6,2.2,2014
Clint Capela,2015,2017,HOU,NBA,10.4,154,94,3112,19.6,0.001,0.416,13.4,23.8,18.6,5.9,1.5,4.7,11.5,18.1,117,105,6.1,4.3,0.16,-0.8,1.3,0.5,1.9,2014
Andrew Wiggins,2015,2017,MIN,NBA,10.3,245,245,8862,15.7,0.151,0.393,4.4,8.6,6.5,10.2,1.4,1.2,10.4,26.3,105,114,8.8,1.5,0.056,0,-2.4,-2.4,-0.9,2014
Aaron Gordon,2015,2017,ORL,NBA,10.1,205,117,4958,14.9,0.277,0.285,6.9,17.4,12,9.7,1.5,1.9,9.4,18.3,109,108,5.5,4.6,0.098,-0.3,0.2,-0.1,2.4,2014
Jabari Parker,2015,2017,MIL,NBA,9,152,147,4874,16.3,0.116,0.259,6,13.9,10,10.9,1.6,1,10.4,22.8,107,109,5.3,3.7,0.088,-0.1,-1.2,-1.3,0.9,2014
Marcus Smart,2015,2017,BOS,NBA,9,207,72,5874,11.5,0.481,0.309,4,10.6,7.3,18.5,2.7,1,14.2,17.3,101,105,1.7,7.3,0.073,-0.7,1.1,0.4,3.6,2014
Elfrid Payton,2015,2017,ORL,NBA,8.9,237,190,7046,15,0.119,0.262,4.2,11.6,7.8,33.7,2.3,0.9,17.6,20.1,102,108,2.9,6,0.061,-0.6,0.2,-0.4,2.9,2014
Dwight Powell,2015,2017,TOT,NBA,8.3,175,5,2561,17,0.136,0.427,8.4,19.6,13.9,6.4,2.1,2.3,8.8,17.4,117,105,4.8,3.5,0.156,-0.9,1.4,0.5,1.6,2014
Gary Harris,2015,2017,DEN,NBA,7.9,188,138,4940,12.9,0.405,0.194,2.7,7.6,5.2,10.5,2.1,0.5,10.8,17.2,110,112,5.5,2.4,0.077,0.9,-0.9,0,2.5,2014
T.J. Warren,2015,2017,PHO,NBA,7.4,153,64,3732,15.4,0.129,0.161,6.4,10.4,8.3,6.4,1.7,1.4,6.9,19.2,112,112,5.4,2.1,0.095,0,-0.8,-0.8,1.1,2014
Kyle Anderson,2015,2017,SAS,NBA,6.5,183,33,2623,12.1,0.148,0.26,2.8,19.4,11.3,12.8,2.5,1.9,14,13.4,104,99,1.1,5.4,0.119,-2.4,3.5,1.1,2.1,2014
Jordan Clarkson,2015,2017,LAL,NBA,5.7,220,136,6425,14.5,0.288,0.192,3.2,9.7,6.4,16.3,1.8,0.3,11.6,23,103,114,4.2,1.5,0.042,0.4,-2.1,-1.7,0.6,2014
Jerami Grant,2015,2017,TOT,NBA,5.6,222,67,4974,10.8,0.327,0.518,4,13.1,8.4,8.2,1.3,4.3,13.2,15.8,100,107,0.7,4.8,0.054,-3.2,1.1,-2.1,-0.1,2014
Doug McDermott,2015,2017,TOT,NBA,5.4,183,9,3690,10.4,0.407,0.147,1.8,10.2,6,5.2,0.4,0.2,7.5,17,109,112,3.4,2,0.07,-1,-2.6,-3.7,-1.6,2014
Julius Randle,2015,2017,LAL,NBA,5.1,156,133,4432,15,0.061,0.344,7.6,28.9,17.9,15,1.1,1.2,14.8,21.3,102,110,1.7,3.4,0.055,-2.3,0.4,-1.9,0.1,2014
Zach LaVine,2015,2017,MIN,NBA,4.9,206,120,5945,13.4,0.338,0.222,1.4,10.4,5.9,18.6,1.4,0.5,14.4,22.5,103,114,3.8,1.1,0.039,0.5,-2.5,-2,-0.1,2014
Bogdan Bogdanovic,2018,2019,SAC,NBA,4.8,138,70,3843,13.4,0.427,0.171,1.6,10.9,6.1,18.8,1.7,0.7,12.4,20.9,105,112,2.3,2.5,0.06,0.2,-1.3,-1,0.9,2014
Jusuf Nurkic,2015,2017,TOT,NBA,3.9,159,78,3041,16.2,0.005,0.381,12.2,24.9,18.5,11.2,2.1,4.8,17.3,23.3,98,104,-0.5,4.4,0.062,-3.1,2.6,-0.5,1.1,2014
Glenn Robinson,2015,2017,TOT,NBA,3.4,149,32,2196,11.1,0.326,0.25,4.3,13.6,9,5.7,1.5,1.2,9.7,13.8,107,109,1.5,2,0.075,-1.9,-0.4,-2.3,-0.2,2014
Noah Vonleh,2015,2017,TOT,NBA,3.4,177,97,2698,10,0.127,0.274,10.1,21.6,15.8,3.4,1.1,1.8,15.2,13.5,102,108,0.7,2.7,0.061,-3.8,-0.3,-4.1,-1.4,2014
Spencer Dinwiddie,2015,2017,TOT,NBA,3,105,19,1948,11.8,0.335,0.43,1.9,10.7,6.3,23.7,1.7,1.1,14.5,16.3,107,111,1.6,1.4,0.074,-1.4,-0.6,-2,0,2014
Nik Stauskas,2015,2017,TOT,NBA,2.4,226,63,5124,8.7,0.565,0.225,1.2,9.6,5.3,11.8,1,1.1,13.9,16,99,113,0.3,2,0.022,-1.7,-1.4,-3.2,-1.5,2014
Dante Exum,2015,2018,UTA,NBA,1.7,162,67,3280,7.5,0.498,0.157,2.2,7.9,5.1,16.6,1.1,0.7,19.1,16.1,96,109,-0.9,2.6,0.025,-2.2,-0.9,-3.1,-0.9,2014
K.J. McDaniels,2015,2017,TOT,NBA,1.3,148,16,2092,10.8,0.357,0.298,4.8,12.1,8.4,7.7,1.7,3.6,16.5,18.9,95,107,-0.8,2.1,0.03,-3.6,0.3,-3.3,-0.7,2014
Mitch McGary,2015,2016,OKC,NBA,1.3,52,2,557,15.4,0.032,0.266,11.2,23.8,17.6,4.8,1.5,2.5,15.3,19.1,104,102,0.4,0.8,0.108,-2.8,-0.3,-3.1,-0.2,2014
Shabazz Napier,2015,2017,TOT,NBA,1.2,159,12,2124,10.4,0.513,0.245,1.9,10.5,6.2,20.7,2.3,0.3,19.9,18,96,109,-0.5,1.7,0.027,-1.8,-1.4,-3.2,-0.6,2014
Markel Brown,2015,2018,TOT,NBA,1.1,113,35,1794,10.1,0.353,0.28,2.5,12.2,7.3,11,2,1.2,12.1,17.2,97,109,-0.1,1.1,0.029,-2.2,-0.6,-2.8,-0.4,2014
P.J. Hairston,2015,2016,TOT,NBA,0.9,111,54,2000,7.6,0.597,0.148,2.5,12.4,7.3,4.6,1.4,1,8,17.7,92,107,-1.1,1.9,0.021,-2.5,-1.4,-3.9,-1,2014
Joe Harris,2015,2017,TOT,NBA,0.9,108,12,1646,7.9,0.636,0.132,1.5,10.9,6.3,7.5,1.1,0.5,13.9,15.8,100,112,0.1,0.8,0.027,-1.6,-1.8,-3.5,-0.6,2014
Cory Jefferson,2015,2016,TOT,NBA,0.9,58,1,581,13.2,0.085,0.317,10.2,20.8,15.5,4.4,0.9,3,8.5,18.4,102,106,0.3,0.6,0.071,-3.6,-1,-4.6,-0.4,2014
Jordan McRae,2016,2019,TOT,NBA,0.8,80,5,782,12,0.291,0.275,2,9.9,6,11.1,1.2,1.3,10.1,21.2,104,113,0.4,0.4,0.05,-2.7,-2.6,-5.3,-0.7,2014
Josh Huestis,2016,2018,OKC,NBA,0.7,76,10,1068,6,0.61,0.122,4.8,14.1,9.3,2.9,0.7,4,11.8,9.8,93,109,-0.4,1.1,0.03,-4.3,0.6,-3.8,-0.5,2014
James Young,2015,2017,BOS,NBA,0.7,89,0,751,7.6,0.648,0.214,2.7,11,6.8,4.8,1.6,0.5,6.1,13.3,99,108,0,0.7,0.047,-2.7,-1.1,-3.8,-0.3,2014
Jarnell Stokes,2015,2017,TOT,NBA,0.6,28,2,151,19.4,0,0.744,13.6,16.5,15.1,7.3,2.4,2.7,10.9,19.4,118,100,0.4,0.3,0.202,0.4,0.6,1,0.1,2014
Jordan Adams,2015,2016,MEM,NBA,0.4,32,0,263,13.1,0.283,0.304,3.9,9.1,6.5,11.4,3.8,2.2,13.3,20.9,95,100,-0.1,0.5,0.07,-1.9,1.4,-0.5,0.1,2014
Tyler Ennis,2015,2017,TOT,NBA,0.4,132,10,1653,9.9,0.282,0.122,2,8.6,5.3,23.2,2.1,0.4,19,18.7,96,110,-0.6,1.1,0.013,-3,-2.3,-5.3,-1.4,2014
Edy Tavares,2016,2017,TOT,NBA,0.2,13,0,101,16.3,0,0.458,12.3,22.2,17.4,6,0.5,9.5,19.5,15.8,103,99,0,0.2,0.118,-4.6,4,-0.6,0,2014
Semaj Christon,2017,2017,OKC,NBA,0.1,64,1,973,5.7,0.283,0.139,2.2,7.8,4.9,18.1,1.4,0.6,15.4,12.2,91,111,-0.7,0.8,0.006,-5.1,-1.2,-6.3,-1.1,2014
Lamar Patterson,2016,2017,ATL,NBA,0.1,40,0,435,4.4,0.579,0.263,1.3,12.8,7.2,14.3,1.1,0.4,20.3,13.6,86,105,-0.5,0.5,0.006,-5.1,-0.4,-5.5,-0.4,2014
C.J. Wilcox,2015,2017,TOT,NBA,0.1,66,0,376,8.8,0.422,0.119,1.7,7.3,4.5,11.8,2,0.9,11.2,19.1,92,109,-0.3,0.3,0.007,-3.4,-1.8,-5.2,-0.3,2014
Thanasis Antetokounmpo,2016,2016,NYK,NBA,0,2,0,6,32.9,0.25,0,0,17.9,9.1,0,0,0,0,30.2,140,110,0,0,0.291,6.3,-10.5,-4.1,0,2014
Cameron Bairstow,2015,2016,CHI,NBA,-0.1,36,3,167,5,0.093,0.241,6.6,16.1,11.4,6.2,1.2,1.7,10.5,17.7,83,105,-0.3,0.2,-0.021,-6.8,-0.9,-7.7,-0.2,2014
Damien Inglis,2016,2016,MIL,NBA,-0.1,20,1,156,6.7,0.351,0.216,1.5,21.1,11.4,9,2,1.6,21.4,14.9,81,107,-0.2,0.2,-0.024,-6.1,-0.3,-6.4,-0.2,2014
Nick Johnson,2015,2015,HOU,NBA,-0.1,28,0,262,4.8,0.28,0.333,5.5,10.9,8.2,6.3,1.3,0.9,18.1,17.4,84,106,-0.4,0.2,-0.02,-6.1,-1.2,-7.3,-0.3,2014
Johnny O'Bryant,2015,2017,TOT,NBA,-0.1,111,19,1305,6.9,0.019,0.203,8.8,13.8,11.3,6.3,0.9,0.8,13.7,15.6,91,110,-0.9,0.8,-0.003,-4.9,-1.8,-6.7,-1.5,2014
Russ Smith,2015,2016,TOT,NBA,-0.2,27,0,131,7.8,0.34,0.553,1.7,11.6,6.5,22.4,3.2,0.7,24.5,26.8,82,105,-0.3,0.2,-0.068,-5.3,-1.1,-6.4,-0.1,2014
Bruno Caboclo,2015,2017,TOR,NBA,-0.3,23,1,106,2,0.4,0,7.5,7.5,7.5,7,1.9,2.3,20,21.3,69,108,-0.4,0.1,-0.143,-7.3,-1.2,-8.5,-0.2,2014
Devyn Marble,2015,2016,ORL,NBA,-0.3,44,7,457,5.5,0.47,0.348,2.6,14.4,8.4,8.8,2.4,0.5,10.8,14.5,80,107,-0.7,0.4,-0.028,-4.8,-0.2,-5,-0.3,2014
Cleanthony Early,2015,2016,NYK,NBA,-0.6,56,9,801,7.2,0.39,0.205,3.6,14.1,8.8,8.5,1.7,1.5,15,18.7,85,109,-1.1,0.5,-0.039,-4.4,-1.3,-5.7,-0.8,2014
Adreian Payne,2015,2017,TOT,NBA,-0.7,102,24,1360,7.6,0.134,0.217,6.4,19.6,13,7.5,1.6,1.6,16.1,17.9,87,110,-1.5,0.8,-0.026,-4.8,-0.7,-5.5,-1.2,2014
Karl-Anthony Towns,2016,2018,MIN,NBA,34.9,246,246,8575,24.5,0.17,0.29,10.3,28.8,19.5,11.8,1,3.5,11.4,25.1,120,108,25.9,9.1,0.196,3.7,0.8,4.5,14,2015
Myles Turner,2016,2018,IND,NBA,15.8,206,173,5744,17.2,0.14,0.309,5.9,20,13,6.3,1.2,5.7,10.4,20,110,104,7.3,8.5,0.132,-1.3,2.1,0.7,4,2015
Kristaps Porzingis,2016,2018,NYK,NBA,12.1,186,185,5764,18.3,0.284,0.278,5.8,19.1,12.5,7.2,1.2,5.3,9.7,26.2,105,107,5.3,6.8,0.1,-0.3,0.3,-0.1,2.8,2015
Larry Nance,2016,2018,TOT,NBA,11.5,192,56,4129,16.5,0.054,0.246,9.9,20.1,14.9,8.1,2.7,2,11.1,14,119,107,6.9,4.6,0.134,-0.4,1.8,1.4,3.5,2015
Willie Cauley-Stein,2016,2018,SAC,NBA,10.7,214,118,4877,16.5,0.01,0.328,8,20,13.9,9.6,1.8,3.2,10.9,18.7,110,108,5.6,5.1,0.105,-1.4,1.4,0,2.5,2015
Montrezl Harrell,2016,2018,TOT,NBA,10.5,173,18,2736,21.1,0.015,0.396,8.4,15.2,11.8,9.5,1.2,3.2,10.1,20.1,125,109,8.1,2.5,0.184,1.3,0,1.3,2.3,2015
Josh Richardson,2016,2018,MIA,NBA,10.1,186,117,5410,12.3,0.406,0.169,2.6,9,5.8,12.3,2,2.1,11.8,16.9,106,107,3.5,6.6,0.09,-0.3,1.2,0.9,3.9,2015
Frank Kaminsky,2016,2018,CHO,NBA,9.2,235,23,5497,13.3,0.406,0.244,3.4,15.8,9.5,11.2,1.1,1.5,8.1,19.9,106,109,3.9,5.3,0.08,-0.6,-0.6,-1.2,1.1,2015
Richaun Holmes,2016,2018,PHI,NBA,8.1,156,20,2641,17.5,0.174,0.266,8.8,18.2,13.6,9.3,1.5,3.7,10.3,17.9,117,106,4.7,3.3,0.147,-0.2,1.2,1,2,2015
Rondae Hollis-Jefferson,2016,2018,BRK,NBA,7.9,175,126,4296,15.2,0.096,0.442,5.9,20.7,13.3,13.3,2.1,1.9,13.6,19.5,106,108,3,4.9,0.088,-2.1,1.6,-0.4,1.7,2015
Willy Hernangomez,2017,2019,TOT,NBA,7.4,170,26,2515,19.7,0.066,0.371,14.2,27,20.5,11.2,1.4,2.3,15.3,20.8,114,108,4.4,3,0.141,-0.3,0.3,0.1,1.3,2015
Bobby Portis,2016,2018,CHI,NBA,7.3,199,21,3745,16.7,0.229,0.173,10.1,22.4,16.1,9.5,1.2,1.2,10,22.6,106,108,3.4,4,0.094,-0.7,-0.9,-1.6,0.3,2015
Trey Lyles,2016,2018,TOT,NBA,6.9,224,39,3931,13.3,0.386,0.213,4.8,20.8,12.9,8.9,1.1,1.5,10.9,20.2,105,107,2.4,4.5,0.084,-1.5,-0.6,-2.2,-0.2,2015
Terry Rozier,2016,2018,BOS,NBA,6.7,193,16,3642,12.8,0.462,0.171,3.8,16.1,10,16.6,1.8,0.7,9.3,19,104,106,1.7,5,0.088,-0.9,0.5,-0.4,1.4,2015
Jerian Grant,2016,2018,TOT,NBA,6.6,213,60,3979,13,0.352,0.321,1.9,9.8,5.8,24.2,2,0.5,13.9,17.6,107,110,3.5,3.2,0.08,-0.8,-1.2,-2,0,2015
Devin Booker,2016,2018,PHO,NBA,6.3,208,183,6703,14.7,0.322,0.306,1.6,9.6,5.5,18.4,1.2,0.7,13.5,27.7,104,114,4.5,1.8,0.045,0.7,-2.5,-1.8,0.4,2015
Kelly Oubre,2016,2018,WAS,NBA,6.2,223,25,4507,10.4,0.441,0.264,3.6,15.3,9.5,5,1.8,1.1,9.7,17.4,103,109,1.7,4.5,0.066,-1.7,-0.6,-2.3,-0.3,2015
Delon Wright,2016,2018,TOR,NBA,6.2,123,5,2108,16.3,0.312,0.33,3.7,11.2,7.6,19.6,2.5,1.8,14.2,17.6,114,106,3.3,2.9,0.142,0.8,1.3,2,2.1,2015
Tyus Jones,2016,2018,MIN,NBA,5.5,179,11,2814,13.4,0.383,0.245,1.3,8.8,5.1,24.4,3.1,0.4,15,13.7,113,111,3.3,2.1,0.093,0,-1,-1,0.7,2015
Norman Powell,2016,2018,TOR,NBA,5,195,60,3155,12,0.404,0.226,2,12.2,7.2,10.4,1.9,1.1,12.1,19.6,104,108,1.5,3.5,0.075,-1,-0.6,-1.7,0.3,2015
Justise Winslow,2016,2018,MIA,NBA,5,164,48,4537,9.5,0.238,0.228,4.2,17.1,10.7,10.6,1.7,1.2,13.7,14.9,97,105,-0.8,5.8,0.053,-2.7,1.6,-1.1,1.1,2015
Justin Anderson,2016,2018,TOT,NBA,4.3,168,19,2394,13.3,0.466,0.272,5.2,16.8,10.9,7.9,1.6,1.9,10.4,19.2,105,107,1.5,2.8,0.086,-1.4,-0.1,-1.5,0.3,2015
Sam Dekker,2016,2018,TOT,NBA,4.3,153,3,2308,12.5,0.359,0.18,6.6,15.1,10.9,7.1,1.3,1.1,9.1,15.1,112,111,2.5,1.8,0.09,-1.1,-0.7,-1.8,0.1,2015
Kevon Looney,2016,2018,GSW,NBA,4.3,124,8,1378,14.4,0.052,0.362,11.3,16.5,14.1,6.7,1.7,4.2,12.1,12.8,120,105,2.2,2.1,0.149,-1,1.8,0.8,1,2015
Andrew Harrison,2017,2019,TOT,NBA,3.2,145,64,2987,10.3,0.384,0.441,1.9,9.3,5.5,20.4,1.6,1.5,15,17.8,103,111,0.9,2.2,0.051,-1.9,-0.8,-2.7,-0.5,2015
Jahlil Okafor,2016,2018,TOT,NBA,3,131,81,3078,16,0.007,0.274,7.8,17.1,12.4,8.2,0.7,3.2,13.2,25.4,100,110,0.7,2.3,0.047,-3,-0.8,-3.9,-1.4,2015
Pat Connaughton,2016,2018,POR,NBA,2.8,155,6,1947,9.4,0.517,0.114,3.2,10.5,6.9,9.4,0.8,1,11.5,13.7,108,111,1.4,1.5,0.07,-1.3,-0.7,-2,0,2015
Stanley Johnson,2016,2018,DET,NBA,2.8,219,57,4952,8.4,0.389,0.197,2.7,14.2,8.3,9.8,2.1,0.8,13.7,17.1,93,106,-3.3,6.1,0.027,-3.1,1.1,-2,0,2015
Jarell Martin,2016,2018,MEM,NBA,2.7,142,39,2599,10.6,0.164,0.299,7.7,17.7,12.5,5.9,1.3,2.3,13.3,17.3,101,110,0.5,2.3,0.051,-3.4,-0.4,-3.8,-1.2,2015
Mario Hezonja,2016,2018,ORL,NBA,2.5,219,41,4030,10.7,0.442,0.153,2.4,14.2,8.2,10.3,1.8,1.3,14.2,18.6,97,109,-1.1,3.5,0.029,-2.3,-0.4,-2.7,-0.7,2015
Cedi Osman,2018,2019,CLE,NBA,2.3,128,78,2817,11.5,0.446,0.222,2.2,15.5,8.7,11.7,1.2,0.4,11.9,18,107,116,1.6,0.7,0.039,-0.7,-1.6,-2.3,-0.2,2015
Cameron Payne,2016,2018,TOT,NBA,1.8,113,15,1742,11.3,0.42,0.07,1.9,10.6,6.3,23.7,2.2,0.9,13.4,20.1,100,108,0.1,1.7,0.049,-1.5,-1.2,-2.7,-0.3,2015
D'Angelo Russell,2016,2018,TOT,NBA,1.7,191,143,5304,14.4,0.414,0.204,2.1,12,6.9,26.5,2,0.7,16,26.5,98,112,-1,2.6,0.015,0.5,-1.5,-1,1.3,2015
Dakari Johnson,2018,2018,OKC,NBA,0.6,31,6,161,16.4,0,0.513,10.7,12.8,11.7,7.2,1.8,4.5,5.9,13.5,128,106,0.4,0.2,0.178,-0.9,1.2,0.3,0.1,2015
Chris McCullough,2016,2018,TOT,NBA,0.6,59,4,532,13.2,0.268,0.23,8.5,15.1,11.7,4.4,2.8,2.9,9,18.4,99,107,0,0.6,0.054,-2.4,0.1,-2.3,0,2015
Rakeem Christmas,2016,2017,IND,NBA,0.5,30,0,225,11,0,0.644,13.6,14.8,14.2,2.5,0.7,2.3,12.2,13.1,116,111,0.3,0.2,0.105,-2.7,-1.3,-4,-0.1,2015
Jordan Mickey,2016,2018,TOT,NBA,0.5,64,4,482,11,0.123,0.312,8.5,21.3,14.9,5.2,0.9,4.6,15.1,17,96,105,-0.2,0.7,0.05,-5.8,1,-4.8,-0.3,2015
Joe Young,2016,2018,IND,NBA,0.4,127,1,1077,10.2,0.316,0.162,2,11.4,6.7,17,1.5,0.1,12.3,21.5,95,109,-0.6,0.9,0.016,-3.1,-2.2,-5.3,-0.9,2015
Darrun Hilliard,2016,2018,TOT,NBA,0.3,91,3,859,7.7,0.37,0.272,0.9,10.3,5.4,12,1.3,0.3,14.2,18.4,94,109,-0.5,0.8,0.016,-3.8,-1.3,-5.1,-0.7,2015
R.J. Hunter,2016,2018,TOT,NBA,0.3,44,1,369,7.5,0.655,0.076,0.6,12,6.2,6.3,2.2,0.8,9.6,15.8,93,104,-0.2,0.5,0.039,-3.2,-0.6,-3.8,-0.2,2015
Branden Dawson,2016,2016,LAC,NBA,0,6,0,29,7.1,0,0.2,7.6,7.4,7.5,0,0,2.7,0,8.5,113,110,0,0,0.069,-4.9,-1.7,-6.6,0,2015
Anthony Brown,2016,2018,TOT,NBA,-0.2,41,11,762,5.6,0.554,0.113,2.3,12.4,7.2,5.6,1.2,0.6,10.2,12,90,113,-0.5,0.2,-0.016,-3.8,-1,-4.8,-0.5,2015
Rashad Vaughn,2016,2018,TOT,NBA,-0.6,139,8,1671,5.9,0.554,0.054,1.2,9.6,5.4,6.4,1.6,1.5,8.9,14.5,88,111,-1.5,0.9,-0.017,-3.8,-1.8,-5.6,-1.5,2015
Emmanuel Mudiay,2016,2018,TOT,NBA,-2,187,121,4719,10.6,0.282,0.255,2,11.2,6.6,25.7,1.5,1,17,24.4,93,112,-4.4,2.4,-0.02,-2.6,-1.6,-4.2,-2.7,2015
Ben Simmons,2018,2019,PHI,NBA,17.2,153,153,5218,20.1,0.008,0.391,6.4,19.9,13.4,36,2.2,1.9,19.4,22.1,112,105,8.8,8.4,0.158,1.3,3.2,4.5,8.5,2016
Pascal Siakam,2017,2019,TOR,NBA,14.5,208,114,4851,15.9,0.21,0.254,5.9,17.7,11.9,12,1.6,2.4,12.1,17.5,116,106,7.7,6.9,0.144,0.4,1.8,2.2,5.1,2016
Malcolm Brogdon,2017,2019,MIL,NBA,13.5,187,112,5250,15.8,0.317,0.192,2.9,10.7,6.9,19.3,1.6,0.6,11.7,19.4,115,110,8.8,4.7,0.124,1.1,-1.1,0,2.7,2016
Domantas Sabonis,2017,2019,TOT,NBA,12.4,221,90,5076,15.6,0.12,0.321,8.4,23.9,16.2,12.6,1.2,1.6,15.3,20.4,109,106,5.4,7,0.117,-1.3,0.8,-0.5,2,2016
Jakob Poeltl,2017,2019,TOT,NBA,11.5,204,21,3251,17.1,0.003,0.311,13.8,17.5,15.7,6.7,1.2,4.4,15.7,13.9,125,106,7,4.5,0.17,0.5,2.3,2.8,3.9,2016
Jamal Murray,2017,2019,DEN,NBA,11,228,154,6468,14.7,0.406,0.199,3.1,10.3,6.7,17.5,1.4,1,12.2,23.1,109,113,7.2,3.8,0.082,0.9,-1.8,-1,1.7,2016
Buddy Hield,2017,2019,TOT,NBA,9.4,234,139,6226,15.3,0.467,0.114,3.2,13.5,8.2,11.6,1.4,0.9,10.6,23.7,107,112,5,4.4,0.073,1.3,-1.7,-0.4,2.5,2016
Jaylen Brown,2017,2019,BOS,NBA,8.9,216,114,5261,12.8,0.356,0.274,3.6,14.1,8.9,7.9,1.6,1.2,11.4,20.7,104,107,2.2,6.7,0.081,-1.5,-0.3,-1.7,0.4,2016
Juan Hernangomez,2017,2019,DEN,NBA,5.1,151,37,2405,11.9,0.56,0.287,5.6,17,11.4,5,1.2,1.4,10.2,13.4,117,111,3.1,2,0.102,-0.5,-0.8,-1.3,0.5,2016
Malik Beasley,2017,2019,DEN,NBA,5,155,19,2431,13.2,0.52,0.105,2.3,9.9,6.1,7.7,1.4,0.6,7.6,17.8,115,112,3.3,1.7,0.099,0.7,-2.2,-1.5,0.3,2016
Caris LeVert,2017,2019,BRK,NBA,4.9,160,60,3951,13.4,0.367,0.243,2.7,12.7,7.7,21.5,2,0.8,14,21,103,110,1.4,3.5,0.059,-0.7,-0.2,-0.9,1.1,2016
Taurean Waller-Prince,2017,2019,ATL,NBA,4.6,191,134,4845,12.1,0.47,0.207,2.2,14.4,8.3,12,1.8,1.5,15,20.4,101,111,0.4,4.2,0.046,-1.2,-0.1,-1.3,0.9,2016
Ivica Zubac,2017,2019,TOT,NBA,4.6,131,40,1873,17.3,0.006,0.311,10.5,22.3,16.4,8.9,0.8,3.9,12.9,20,112,109,2.5,2.1,0.118,-2.2,0.5,-1.6,0.2,2016
Cheick Diallo,2017,2019,NOP,NBA,4.5,125,0,1521,17.3,0.006,0.31,9.3,29.3,19.5,4.1,1.3,3.2,12.2,17.3,116,106,2.3,2.2,0.142,-3,-0.1,-3,-0.4,2016
Brandon Ingram,2017,2019,LAL,NBA,4.5,190,151,6014,11.8,0.177,0.361,2.8,13.1,7.9,13.6,1,1.5,13.5,20.5,101,112,0.6,3.8,0.036,-2.3,-0.4,-2.7,-1.1,2016
Thon Maker,2017,2019,TOT,NBA,4.4,185,47,2549,11.6,0.42,0.296,6.7,15.4,11.1,5.8,1.3,4,9.6,15.6,107,108,1.6,2.9,0.084,-2.1,0.2,-1.8,0.1,2016
Deyonta Davis,2017,2019,TOT,NBA,3.2,99,6,1182,15.4,0,0.24,9.1,21.5,15.1,6,0.8,4.5,10.4,14.7,119,109,2,1.2,0.13,-2.1,0.7,-1.5,0.2,2016
Dejounte Murray,2017,2018,SAS,NBA,3.2,119,56,2065,14.2,0.079,0.246,6.2,20.8,13.5,20.6,2.6,1.5,17.6,21.1,98,102,-0.6,3.8,0.074,-2.6,2.9,0.3,1.2,2016
Denzel Valentine,2017,2018,CHI,NBA,3.1,134,37,3071,10.6,0.573,0.068,2,17.5,9.5,15.1,1.5,0.5,12.5,16.8,102,110,0.5,2.6,0.048,-1,-0.2,-1.2,0.6,2016
Patrick McCaw,2017,2019,TOT,NBA,2.8,154,31,2385,7.9,0.434,0.164,2.2,8,5.2,9.7,1.9,0.9,14,11.9,102,109,0.3,2.5,0.056,-2.3,0,-2.3,-0.2,2016
Skal Labissiere,2017,2019,TOT,NBA,2.6,111,40,1976,14.5,0.099,0.29,8.7,18.9,13.7,8.4,1.1,3.1,13,20.8,104,111,1,1.6,0.064,-2.6,-0.2,-2.8,-0.4,2016
Ante Zizic,2018,2019,CLE,NBA,2.6,85,25,1189,16.8,0,0.392,10.6,22,16.1,6.5,0.6,2.4,13.2,17.9,118,115,2.1,0.5,0.106,-1.6,-1.2,-2.8,-0.2,2016
Marquese Chriss,2017,2019,TOT,NBA,2.4,188,126,3672,11.5,0.382,0.298,5.8,19.6,12.5,6.7,1.7,3.3,14.8,19.1,98,110,-0.9,3.3,0.031,-2.6,0.4,-2.2,-0.2,2016
Jake Layman,2017,2019,POR,NBA,2.2,131,30,1542,11.3,0.463,0.142,4.4,11.8,8.2,6,1.3,1.9,9.9,16.3,107,111,0.9,1.3,0.068,-1.1,-0.8,-1.8,0.1,2016
Kris Dunn,2017,2019,TOT,NBA,1.7,176,94,4247,11.8,0.204,0.163,1.7,13.5,7.5,27.9,2.9,1.7,17.7,19.9,95,109,-2.7,4.3,0.019,-2.3,1.1,-1.3,0.8,2016
Timothe Luwawu-Cabarrot,2017,2019,TOT,NBA,1.7,163,29,2451,7.7,0.511,0.267,2.1,10.4,6.3,8.7,1.2,0.6,12.7,17.2,100,111,-0.2,1.9,0.034,-2.8,-1.6,-4.4,-1.5,2016
Damian Jones,2017,2019,GSW,NBA,1.5,49,22,584,12.6,0,0.464,8.7,11.8,10.4,6.6,1.1,4.6,16.2,11.8,122,109,0.9,0.7,0.127,-1.5,1.1,-0.4,0.2,2016
Furkan Korkmaz,2018,2019,PHI,NBA,1.1,60,6,734,10.8,0.595,0.176,2.7,13.8,8.4,10.5,1.9,0.3,8.7,17.7,106,110,0.3,0.8,0.074,-1.1,-1.3,-2.4,-0.1,2016
Guerschon Yabusele,2018,2019,BOS,NBA,0.9,68,4,437,12.1,0.475,0.328,8.9,14.5,11.8,9.4,1.3,2.4,14.7,16.4,108,106,0.3,0.6,0.103,-1.7,0.5,-1.3,0.1,2016
Abdel Nader,2018,2019,TOT,NBA,0.8,102,2,1151,7.2,0.445,0.22,2.2,13.9,8,5.2,1.3,1.5,13.4,15.8,94,107,-0.8,1.5,0.032,-4.9,-0.3,-5.2,-0.9,2016
DeAndre' Bembry,2017,2019,ATL,NBA,0.5,138,19,2583,9.4,0.262,0.201,2.8,15.9,9.3,14.4,2.2,1.9,18.4,16.6,93,111,-2,2.4,0.009,-4.1,1.1,-3,-0.7,2016
Georges Niang,2017,2019,TOT,NBA,0.5,82,0,489,9.9,0.552,0.109,3,17,10.1,9.3,1.2,0.5,10.8,18.1,100,108,-0.1,0.6,0.053,-2.6,-1.1,-3.6,-0.2,2016
Tyler Ulis,2017,2019,TOT,NBA,0.5,133,58,2782,11.3,0.228,0.174,1.7,7.1,4.3,29,2,0.3,16.1,19.2,99,115,-0.5,0.9,0.008,-2.3,-2.4,-4.7,-1.9,2016
Tyrone Wallace,2018,2019,LAC,NBA,0.5,84,19,1402,9,0.128,0.294,3.2,11.6,7.5,10.8,1.6,1.2,13.1,17.4,97,112,-0.5,1,0.017,-3.4,-0.2,-3.7,-0.6,2016
Georgios Papagiannis,2017,2018,TOT,NBA,0.4,39,0,477,12.6,0.014,0.097,8.9,20.8,14.8,9.6,0.7,4.4,17.6,17.3,100,110,0,0.4,0.044,-4,1,-3,-0.1,2016
Joel Bolomboy,2017,2018,TOT,NBA,0.3,18,0,91,16.4,0.227,0.545,13,21.2,17.2,3.7,1.7,1.8,12.8,15.9,114,106,0.1,0.1,0.132,-2.1,-1.6,-3.7,0,2016
Demetrius Jackson,2017,2019,TOT,NBA,0.2,26,0,136,13,0.378,0.324,7.4,8.1,7.8,18.5,2.5,0.6,20.6,17,107,108,0.1,0.2,0.088,-1.4,-0.7,-2.1,0,2016
Henry Ellenson,2017,2019,TOT,NBA,0.1,70,2,643,10.2,0.451,0.187,3.6,25.6,14.3,9.5,0.9,0.1,11.7,22.8,93,109,-0.6,0.7,0.007,-4.3,-2.2,-6.5,-0.7,2016
Brice Johnson,2017,2018,TOT,NBA,0.1,21,0,107,18.1,0.02,0.102,10.6,25.4,18,4.7,5.1,5.8,10.5,23.7,92,97,-0.1,0.3,0.062,-5.4,2.9,-2.5,0,2016
Chinanu Onuaku,2017,2018,HOU,NBA,0.1,6,1,74,7.7,0,0.333,4.5,16.3,10.4,7.4,1.9,1.1,33.7,12.1,97,108,0,0.1,0.043,-5,0.9,-4.1,0,2016
Daniel Hamilton,2018,2019,TOT,NBA,0,25,3,232,8.5,0.394,0.085,4.5,19.7,11.9,18.2,1.4,0.4,19.6,16.2,95,113,-0.1,0.2,0.002,-4.2,-1,-5.2,-0.2,2016
A.J. Hammons,2017,2017,DAL,NBA,0,22,0,163,8.4,0.238,0.476,5.4,21,12.8,3.8,0.3,7.2,16.4,17.6,87,106,-0.2,0.2,-0.001,-7.5,2,-5.6,-0.1,2016
Marcus Paige,2018,2018,CHO,NBA,0,5,0,28,9.1,0.571,0.143,0,15.7,7.7,16.1,0,0,0,23,96,114,0,0,-0.006,-2.4,-4.4,-6.9,0,2016
Stephen Zimmerman,2017,2017,ORL,NBA,0,19,0,108,7.3,0,0.161,10.8,24.9,17.6,5.3,0.9,3.7,8.3,14.8,86,108,-0.1,0.1,-0.005,-7.8,0.4,-7.3,-0.1,2016
Ben Bentil,2017,2017,DAL,NBA,-0.1,3,0,10,-17.6,0.333,0,0,24.4,11.6,0,0,0,25,18.9,0,111,-0.1,0,-0.473,-22.4,-4.5,-26.9,-0.1,2016
Michael Gbinije,2017,2017,DET,NBA,-0.1,9,0,32,-2.1,0.4,0.2,6.6,3.5,5.1,7.9,0,0,0,15,64,114,-0.1,0,-0.136,-7.7,-2.8,-10.5,-0.1,2016
Malachi Richardson,2017,2019,TOT,NBA,-0.1,70,4,625,6.2,0.497,0.246,1.8,11,6.3,5.7,1.3,0.3,11.1,16.7,93,113,-0.4,0.3,-0.009,-4,-2.8,-6.8,-0.8,2016
Diamond Stone,2017,2017,LAC,NBA,-0.1,7,0,24,-1.2,0,0.308,4.8,22.7,14,0,0,3.4,11.9,31.3,69,108,-0.1,0,-0.211,-17.3,-6.8,-24.1,-0.1,2016
Paul Zipser,2017,2018,CHI,NBA,-0.1,98,30,1667,6.1,0.459,0.143,1.8,15.1,8.3,7,1,1.6,14.6,14.8,90,110,-1.5,1.4,-0.002,-4.6,-0.2,-4.8,-1.2,2016
Dragan Bender,2017,2019,PHO,NBA,-0.2,163,56,3225,6.9,0.636,0.117,2.8,16.9,9.8,8.2,0.7,2.1,17.1,13,94,114,-1.5,1.3,-0.002,-3.1,-0.2,-3.3,-1.1,2016
Zhou Qi,2018,2019,HOU,NBA,-0.2,19,0,125,2.5,0.576,0.364,5.5,14.3,9.9,2.1,0.8,9.5,20.7,17,64,103,-0.5,0.2,-0.093,-10,3,-7.1,-0.2,2016
Wade Baldwin,2017,2019,TOT,NBA,-0.3,56,1,579,7.1,0.213,0.343,2.7,10.8,6.7,20,1.9,1.6,22.7,19.4,86,108,-1,0.6,-0.028,-5.7,0,-5.7,-0.5,2016
Kay Felder,2017,2018,TOT,NBA,-0.4,58,0,526,9.3,0.18,0.268,1.3,10.9,6.1,22.5,2,1.2,15.3,25.3,89,111,-0.9,0.4,-0.041,-5.8,-1.8,-7.7,-0.8,2016
Isaiah Whitehead,2017,2018,BRK,NBA,-0.9,89,26,1823,7.9,0.281,0.222,2.1,10,6.1,17.9,1.3,1.6,20.3,19.2,91,112,-2,1.1,-0.025,-4.3,-0.6,-4.9,-1.4,2016
Jayson Tatum,2018,2019,BOS,NBA,11.7,152,152,4692,15.2,0.296,0.264,2.7,16.8,9.7,8.9,1.7,2.1,10.1,20.7,109,105,4.6,7.1,0.12,-0.9,1,0.1,2.5,2017
Jarrett Allen,2018,2019,BRK,NBA,11.4,144,103,3356,18.3,0.063,0.436,10.1,21.2,15.7,6.8,1,4.6,13.6,16.1,122,107,6.9,4.5,0.163,-0.8,2.4,1.6,3,2017
John Collins,2018,2019,ATL,NBA,11.1,129,79,3416,20.1,0.142,0.334,11.8,22.6,17.2,9.9,0.9,2.8,12.5,20.7,120,111,8.1,2.9,0.156,1.3,0.3,1.6,3.1,2017
Bam Adebayo,2018,2019,MIA,NBA,10,142,39,3033,16.8,0.024,0.516,9.4,22.5,16,13,1.5,2.9,16.1,15.8,118,105,5.3,4.7,0.159,-1,2.7,1.7,2.8,2017
Donovan Mitchell,2018,2019,UTA,NBA,9.2,148,140,4959,16.8,0.372,0.233,2.4,10.4,6.4,20.2,2.1,0.9,12.1,30.4,103,106,2.1,7.1,0.089,0.9,-0.2,0.7,3.4,2017
Kyle Kuzma,2018,2019,LAL,NBA,6.7,143,101,4583,14.1,0.4,0.217,3.4,15.9,9.8,10.5,0.9,1,10.6,23.1,105,111,2.7,4,0.07,-0.3,-1.1,-1.5,0.6,2017
Lauri Markkanen,2018,2019,CHI,NBA,6.2,119,118,3686,16.3,0.443,0.216,4.3,24.5,14.2,6.8,1,1.7,8.4,23.3,107,111,3.1,3.1,0.08,-0.4,-1.5,-1.8,0.1,2017
Monte Morris,2018,2019,DEN,NBA,5.7,74,5,1746,16.5,0.321,0.11,1.9,9.4,5.6,22.1,1.9,0.2,7.1,16.8,125,111,4.1,1.6,0.156,1.7,-1.3,0.4,1.1,2017
Josh Hart,2018,2019,LAL,NBA,5.4,130,45,3176,10.7,0.561,0.207,2.6,14.1,8.4,7.3,1.6,1.4,10.3,13.5,109,109,2.1,3.3,0.082,-1.1,0.6,-0.5,1.2,2017
OG Anunoby,2018,2019,TOR,NBA,4.9,136,68,2743,10,0.532,0.162,4,10.7,7.4,4.7,1.7,1,10.7,13.8,109,108,1.8,3.1,0.086,-0.5,0.2,-0.2,1.2,2017
Thomas Bryant,2018,2019,TOT,NBA,4.9,79,45,1323,20.6,0.198,0.286,7.8,24.3,16,9,0.9,3.8,8.9,17.3,130,111,3.8,1.2,0.179,1,0.3,1.3,1.1,2017
Luke Kennard,2018,2019,DET,NBA,4.7,127,19,2683,12,0.464,0.141,1.2,12.6,6.7,12.6,1.2,0.7,10.7,17.6,109,110,2.2,2.5,0.083,-0.8,-0.7,-1.5,0.3,2017
Jordan Bell,2018,2019,GSW,NBA,4.4,117,15,1495,15.7,0.018,0.24,8.4,18.1,13.5,14.6,1.8,5.5,18.4,13.3,117,105,2.1,2.3,0.141,-1.3,3.3,2,1.5,2017
De'Aaron Fox,2018,2019,SAC,NBA,4.4,144,131,4288,14.7,0.204,0.327,1.6,10.3,5.9,28.8,2.1,1.2,15.9,24,103,111,1,3.4,0.05,-0.9,-0.7,-1.5,0.5,2017
Derrick White,2018,2019,SAS,NBA,3.8,75,46,1634,15.3,0.269,0.261,2.4,13.5,7.9,20,2,2.1,13.7,17.5,113,110,2,1.8,0.111,0.2,0.9,1.1,1.3,2017
Jonathan Isaac,2018,2019,ORL,NBA,3.7,94,66,2323,12,0.395,0.222,4.5,17,10.7,5.6,1.7,4.2,11.3,15.9,102,106,0.1,3.6,0.076,-2.9,2.4,-0.5,0.9,2017
Lonzo Ball,2018,2019,LAL,NBA,3.5,99,95,3203,12.2,0.513,0.117,4.1,15.8,10,26.8,2.3,1.6,18.2,17.2,99,107,-0.7,4.1,0.052,-0.9,2,1.1,2.5,2017
Terrance Ferguson,2018,2019,OKC,NBA,3.4,126,77,2434,6.4,0.681,0.087,2,5.1,3.5,4.1,1.2,0.9,8.1,10.5,111,112,1.5,2,0.068,-1.6,-0.7,-2.3,-0.2,2017
Justin Jackson,2018,2019,TOT,NBA,3.1,140,46,2888,9.8,0.482,0.123,2.3,12,7,7.4,0.9,0.8,7.1,14,108,114,1.7,1.4,0.052,-1.5,-1.3,-2.8,-0.6,2017
Zach Collins,2018,2019,POR,NBA,3,133,1,2219,10.3,0.342,0.235,6.8,17.4,12.2,7.1,0.9,3.2,15,15.9,102,108,0.3,2.6,0.064,-2.6,0.9,-1.7,0.2,2017
Ivan Rabb,2018,2019,MEM,NBA,2.9,76,14,1029,17.2,0.033,0.276,11.6,23,17.2,11.3,1.1,2.2,15.3,17.4,117,109,1.8,1.1,0.137,-1.1,0.5,-0.5,0.4,2017
Damyean Dotson,2018,2019,NYK,NBA,2.4,108,33,2173,11.8,0.467,0.147,2,13.7,7.7,9.8,1.5,0.4,8,17.5,107,114,1.4,1.1,0.054,-0.6,-1.4,-2,0,2017
Sterling Brown,2018,2019,MIL,NBA,2.3,103,4,1560,9.6,0.479,0.118,3.8,15.7,9.9,7.4,1.6,1,11.5,14.1,105,108,0.5,1.8,0.07,-2.4,-0.5,-2.9,-0.3,2017
Wesley Iwundu,2018,2019,ORL,NBA,2,121,24,2085,7.9,0.242,0.319,3.5,12.2,7.8,7.7,1.4,1.3,12.1,12.4,101,110,0.1,1.9,0.046,-3.9,0.6,-3.3,-0.7,2017
T.J. Leaf,2018,2019,IND,NBA,2,103,0,884,12.8,0.247,0.142,7.7,15.1,11.5,4.6,0.6,1.7,6.4,15.6,115,110,1.1,0.8,0.106,-1.8,-1.7,-3.5,-0.3,2017
Semi Ojeleye,2018,2019,BOS,NBA,1.9,123,2,1673,5.8,0.629,0.236,3.9,11.7,7.8,3.1,0.9,0.4,10.9,10.4,101,109,0.1,1.8,0.053,-3.2,-0.4,-3.6,-0.7,2017
D.J. Wilson,2018,2019,MIL,NBA,1.4,61,0,744,10.1,0.495,0.188,5.4,17.9,12,6.9,1.1,2.2,11.3,14,105,105,0.2,1.2,0.09,-2.6,0.9,-1.7,0.1,2017
Dillon Brooks,2018,2019,MEM,NBA,1.2,100,74,2680,9.6,0.34,0.219,2.4,10.1,6.2,9.1,1.6,0.7,12.7,18.8,99,113,-0.3,1.4,0.021,-2.1,-1.4,-3.5,-1,2017
Jonah Bolden,2019,2019,PHI,NBA,1,37,6,488,12,0.575,0.175,7.4,20.2,14,8.1,1.4,5.3,19.3,13.8,107,106,0.2,0.8,0.097,-1.6,2.5,0.9,0.4,2017
Harry Giles,2019,2019,SAC,NBA,1,58,0,820,14.3,0.017,0.261,8.1,19.8,13.9,15.2,1.8,2.3,15.8,23.2,101,108,0,1,0.061,-3.1,1.1,-2,0,2017
Frank Mason,2018,2019,SAC,NBA,1,87,2,1387,12.9,0.264,0.319,2.7,11.1,6.7,24.1,1.8,0.9,13.7,22,101,112,0.1,0.9,0.033,-2,-1.7,-3.7,-0.6,2017
Sindarius Thornwell,2018,2019,LAC,NBA,0.9,128,18,1427,7.4,0.27,0.406,3,10.6,6.8,7.7,2.1,1.7,17.7,12.1,97,110,-0.3,1.2,0.03,-3.1,1,-2.2,-0.1,2017
Tyler Dorsey,2018,2019,TOT,NBA,0.6,95,7,1399,10.1,0.514,0.191,2.6,13.6,8.1,12.1,1,0.4,8.6,19.8,100,114,0,0.7,0.022,-2,-2.4,-4.4,-0.9,2017
Markelle Fultz,2018,2019,PHI,NBA,0.6,33,15,680,11.2,0.056,0.218,6,11.5,8.9,24,2,1.1,12.6,20.7,98,108,-0.2,0.8,0.04,-3.2,0.3,-2.9,-0.2,2017
Dwayne Bacon,2018,2019,CHO,NBA,0.5,86,9,1182,7.7,0.24,0.176,0.9,16.5,8.6,8.6,0.9,0.4,8.9,14.7,98,112,-0.3,0.8,0.021,-4.2,-1.1,-5.3,-1,2017
Kadeem Allen,2018,2019,TOT,NBA,0.4,32,2,418,11.3,0.272,0.312,2.5,9.3,5.8,23.9,1.9,0.6,16,17.4,105,113,0.2,0.3,0.051,-2.1,-1.3,-3.3,-0.1,2017
Isaiah Hartenstein,2019,2019,HOU,NBA,0.4,27,0,220,10,0.146,0.341,10.4,13.6,11.9,9,1.6,4.7,21.6,11.9,113,110,0.2,0.2,0.092,-3.1,2.1,-1,0.1,2017
Malik Monk,2018,2019,CHO,NBA,0.4,126,0,1951,11.4,0.562,0.142,1.1,8.6,4.8,15.7,1.3,1.1,11.2,25.3,98,113,-0.7,1.1,0.011,-0.9,-3.2,-4.1,-1,2017
Jaron Blossomgame,2019,2019,CLE,NBA,0.3,27,4,439,10.2,0.368,0.123,6.3,18.9,12.4,4.3,0.8,1.6,9,12.2,108,117,0.2,0.1,0.034,-3,-1.3,-4.3,-0.3,2017
Frank Jackson,2019,2019,NOP,NBA,0.3,59,14,1109,8.9,0.373,0.145,2.3,9.7,6,7.6,1,0.1,9.1,18.2,101,116,-0.1,0.4,0.014,-2.4,-2.7,-5.1,-0.9,2017
Alec Peters,2018,2018,PHO,NBA,0.3,20,0,225,10.7,0.784,0.135,3.7,14,8.8,7.9,0.4,0.7,4.9,15.5,111,116,0.2,0,0.055,-0.2,-3.1,-3.3,-0.1,2017
Jabari Bird,2018,2018,BOS,NBA,0.2,13,1,115,12.1,0.269,0.5,5.8,12.2,9,10.5,1.3,0.7,20.1,15.4,107,106,0.1,0.2,0.098,-2.3,0.1,-2.1,0,2017
Tyler Lydon,2018,2019,DEN,NBA,0.1,25,0,92,7.9,0.588,0.176,7.1,13,10,6.9,1.1,0,17.9,10.3,111,112,0.1,0.1,0.068,-2,-1.3,-3.2,0,2017
Ike Anigbogu,2018,2019,IND,NBA,0,14,0,36,17,0,0.5,18.9,18.5,18.8,3.2,1.4,9.9,17,21.7,95,102,0,0.1,0.057,-7.2,0.4,-6.8,0,2017
Tony Bradley,2018,2019,UTA,NBA,0,10,0,38,4.8,0.071,0.143,17.8,23.5,20.7,3.8,0,0,6.3,18.6,80,108,-0.1,0,-0.055,-9.1,-3.6,-12.7,-0.1,2017
Justin Patton,2018,2019,TOT,NBA,0,4,0,25,12,0.222,0.222,8.8,16.5,12.7,15.8,5.8,0,0,16.7,99,101,0,0.1,0.093,-2,2.5,0.6,0,2017
Edmond Sumner,2018,2019,IND,NBA,-0.1,20,2,172,5.1,0.4,0.24,4.6,8.3,6.5,6.1,2.6,2.6,12.6,16.1,80,106,-0.3,0.3,-0.02,-5.6,1,-4.7,-0.1,2017
Davon Reed,2018,2019,TOT,NBA,-0.3,29,1,264,5,0.488,0.15,1.2,15.6,8.3,7.9,1.8,0.6,11.4,15.5,82,112,-0.4,0.2,-0.049,-5.5,-1.1,-6.6,-0.3,2017
Caleb Swanigan,2018,2019,POR,NBA,-0.3,45,3,334,5.6,0.125,0.24,9.2,24.8,17.1,8.8,1.3,0.7,22.8,19.3,82,107,-0.7,0.4,-0.04,-7.2,0,-7.2,-0.4,2017
Jawun Evans,2018,2019,TOT,NBA,-0.4,55,4,842,6.7,0.211,0.184,1.3,11.1,6.3,17.9,2.2,0.6,14.8,17.3,89,111,-1,0.7,-0.021,-4.7,-0.4,-5.1,-0.7,2017
Dennis Smith,2018,2019,TOT,NBA,-0.4,118,118,3458,12.7,0.326,0.211,2.4,10.5,6.4,28.7,1.9,1,16,27,95,111,-3.2,2.8,-0.006,-1.5,-0.8,-2.3,-0.3,2017
Frank Ntilikina,2018,2019,NYK,NBA,-1.7,120,25,2603,6.8,0.347,0.125,2.1,9,5.5,19.8,1.8,1.1,18.3,16.8,89,113,-3.1,1.4,-0.031,-3.7,-0.7,-4.4,-1.6,2017
Josh Jackson,2018,2019,PHO,NBA,-2.5,150,61,3730,11,0.246,0.284,4.5,14.8,9.5,12.1,1.9,1.8,14.2,25.1,92,113,-4.8,2.3,-0.032,-3.8,-0.8,-4.7,-2.5,2017
Deandre Ayton,2019,2019,PHO,NBA,6,68,67,2097,20.8,0.005,0.216,11.3,26,18.5,10,1.3,2.5,11.3,21.2,118,112,4.2,1.8,0.136,0.3,0.4,0.6,1.4,2018
Mitchell Robinson,2019,2019,NYK,NBA,4.8,57,12,1088,21.8,0,0.444,13.7,17.6,15.6,4.3,1.8,10.8,9.5,12.3,138,106,3.1,1.7,0.21,0.5,5.5,6.1,2.2,2018
Luka Doncic,2019,2019,DAL,NBA,4.6,68,68,2187,19.4,0.434,0.411,3.9,21.4,12.7,30.8,1.6,0.9,14.8,30.3,107,109,2,2.5,0.1,2.7,1,3.7,3.2,2018
Marvin Bagley,2019,2019,SAC,NBA,3.5,53,2,1312,19.3,0.133,0.398,10.1,20.4,15.1,6,1.1,3.4,11.1,23.5,113,109,2,1.5,0.129,-0.8,-0.2,-1,0.3,2018
Jaren Jackson,2019,2019,MEM,NBA,3.4,58,56,1515,16.5,0.241,0.334,5.3,15.1,10.1,7.2,1.7,5.2,12.7,22.9,107,106,1.2,2.2,0.108,-1.3,1.5,0.2,0.8,2018
Landry Shamet,2019,2019,TOT,NBA,3.4,71,19,1586,11.2,0.716,0.17,1.2,6.4,3.9,8.2,1,0.4,6.9,15.1,120,114,2.5,0.9,0.102,1.5,-2.3,-0.8,0.5,2018
Mikal Bridges,2019,2019,PHO,NBA,2.9,74,48,2122,11.1,0.576,0.207,2.5,10,6.2,10.2,2.7,1.3,10.5,12.1,112,114,1.7,1.3,0.066,-0.3,0.6,0.3,1.2,2018
Shai Gilgeous-Alexander,2019,2019,LAC,NBA,2.7,73,64,1895,12.9,0.197,0.277,2.8,8.1,5.6,17.3,2,1.6,15.8,18.2,106,112,1,1.6,0.068,-0.8,0.2,-0.7,0.6,2018
Trae Young,2019,2019,ATL,NBA,2.5,74,74,2281,16.3,0.383,0.334,2.5,10,6.2,39.6,1.2,0.6,18.6,28.2,106,117,1.9,0.6,0.054,1.2,-2.9,-1.7,0.2,2018
Miles Bridges,2019,2019,CHO,NBA,2.3,70,15,1371,12.7,0.386,0.164,4.2,17.4,10.7,7.1,1.6,2.4,8.3,15.4,109,111,0.9,1.3,0.079,-1.7,0.4,-1.3,0.3,2018
Jalen Brunson,2019,2019,DAL,NBA,2.3,65,31,1365,12.9,0.319,0.199,2,10,6,21.6,1.2,0.3,12.3,18.9,110,114,1.4,0.9,0.079,-0.8,-1.5,-2.3,-0.1,2018
Wendell Carter,2019,2019,CHI,NBA,1.9,44,44,1110,15.3,0.086,0.302,8.5,21.7,15.1,10.7,1.1,4.5,13.4,19.1,107,110,0.7,1.2,0.082,-2.3,1.8,-0.5,0.4,2018
Mohamed Bamba,2019,2019,ORL,NBA,1.7,47,1,766,14.9,0.288,0.259,8.8,23.8,16.2,7.5,0.8,7,13.7,17.9,105,103,0.3,1.4,0.107,-3.4,3.2,-0.1,0.4,2018
Rodions Kurucs,2019,2019,BRK,NBA,1.7,55,38,1143,11.8,0.393,0.209,4.5,14.5,9.5,5.8,1.6,1.6,14,18.1,105,109,0.4,1.3,0.073,-2.1,0.3,-1.8,0,2018
Kevin Huerter,2019,2019,ATL,NBA,1.3,68,52,1847,9.9,0.547,0.093,3,9.9,6.4,14.2,1.5,1,14.3,15.6,105,116,0.6,0.7,0.034,-1,-1,-2,0,2018
Omari Spellman,2019,2019,ATL,NBA,1.2,46,11,805,12.5,0.525,0.184,9.3,16.4,12.8,8,1.5,2.7,10.5,14.9,110,113,0.6,0.6,0.072,-1,0,-1,0.2,2018
Robert Williams,2019,2019,BOS,NBA,1.1,29,1,242,20,0,0.311,10.5,18.2,14.3,3.4,1.6,12.9,15,10.7,136,100,0.5,0.5,0.213,-1.6,6.9,5.2,0.4,2018
Bruce Brown,2019,2019,DET,NBA,1,64,46,1257,6.5,0.298,0.179,3.5,11.2,7.2,8.9,1.2,2.2,12,11.9,98,110,-0.3,1.3,0.038,-3.9,1.5,-2.4,-0.1,2018
Hamidou Diallo,2019,2019,OKC,NBA,0.8,48,3,524,10.1,0.145,0.358,7.3,11.9,9.5,4.4,1.8,1.6,10.7,16.6,103,108,0.1,0.7,0.07,-4.3,-0.4,-4.7,-0.4,2018
Josh Okogie,2019,2019,MIN,NBA,0.8,65,43,1512,9,0.436,0.313,2.7,11.2,6.9,7,2.2,1.6,11,15.9,99,113,-0.3,1.1,0.026,-2.3,0.1,-2.2,-0.1,2018
Aaron Holiday,2019,2019,IND,NBA,0.7,44,0,503,12.1,0.493,0.183,0.9,11.5,6.3,17.6,1.7,2.1,11.9,22.7,101,107,0,0.7,0.062,-1.8,-0.9,-2.7,-0.1,2018
Donte DiVincenzo,2019,2019,MIL,NBA,0.6,27,0,411,9.1,0.669,0.097,4.2,11.5,8.1,9.7,1.5,1.2,12.8,15.2,102,107,0,0.6,0.072,-1.9,0.2,-1.7,0,2018
Chandler Hutchison,2019,2019,CHI,NBA,0.6,44,14,895,8.8,0.239,0.182,3.8,18.9,11.3,5.3,1.2,0.6,10,12.2,101,114,0,0.6,0.031,-3.8,-0.4,-4.3,-0.5,2018
Troy Brown,2019,2019,WAS,NBA,0.5,44,2,485,11.8,0.269,0.237,5.8,18.9,12.3,17.7,1.5,0.5,10.9,17,105,114,0.2,0.3,0.048,-2.6,-1,-3.6,-0.2,2018
Shake Milton,2019,2019,PHI,NBA,0.4,13,0,126,14.9,0.543,0.109,6.1,10.6,8.4,14.8,1.5,1.9,5.9,17,121,111,0.2,0.1,0.142,1.4,-1.1,0.3,0.1,2018
Devonte' Graham,2019,2019,CHO,NBA,0.3,36,3,485,9.9,0.577,0.199,0.9,9.2,5,23,1.7,0.4,11.5,16.9,102,114,0.1,0.3,0.033,-1.8,-2.5,-4.3,-0.3,2018
Keita Bates-Diop,2019,2019,MIN,NBA,0.2,21,3,330,9.6,0.374,0.22,3.2,14,8.6,4.5,1.3,2.9,7.4,13.7,102,113,0,0.2,0.033,-3.3,-0.1,-3.4,-0.1,2018
De'Anthony Melton,2019,2019,PHO,NBA,0.1,43,28,836,9.9,0.397,0.08,2.7,12.6,7.6,22.9,3.3,2,21.1,15.1,93,111,-0.6,0.7,0.006,-3.4,1.1,-2.3,-0.1,2018
Jerome Robinson,2019,2019,LAC,NBA,0.1,25,0,228,6.6,0.519,0.074,1.4,11.3,6.5,5.5,1.5,0.7,4.6,16.2,97,113,-0.1,0.2,0.019,-2.8,-2,-4.7,-0.2,2018
Khyri Thomas,2019,2019,DET,NBA,0.1,23,0,188,7.3,0.538,0.169,2.3,9.7,5.8,6.2,1.8,2.3,5.4,16.9,95,109,-0.1,0.2,0.025,-3.9,-0.4,-4.2,-0.1,2018
Moritz Wagner,2019,2019,LAL,NBA,0.1,33,1,279,10.9,0.505,0.275,4.9,15.6,10.4,9,1.5,1.7,16.4,21.8,97,110,-0.2,0.3,0.023,-3.2,-1.3,-4.4,-0.2,2018
Thomas Welsh,2019,2019,DEN,NBA,0.1,11,0,36,16.1,0.538,0.154,0,12.1,6,20.3,0,0,6.7,17.6,131,115,0.1,0,0.164,1.8,-4.4,-2.7,0,2018
Vince Edwards,2019,2019,HOU,NBA,0,2,0,16,3.8,1,0,6.8,7.2,7,0,0,0,0,10.9,95,119,0,0,-0.02,-4.4,-5.9,-10.2,0,2018
George King,2019,2019,PHO,NBA,0,1,0,6,1.9,,,0,18.9,9.3,0,0,0,,0,,119,0,0,0.002,-8.8,-1.7,-10.5,0,2018
Ray Spalding,2019,2019,TOT,NBA,0,6,0,43,10.5,0.091,0.273,5.1,28.9,16.8,10.3,1.1,5.8,19.6,15.3,95,109,0,0.1,0.026,-6.5,2.2,-4.3,0,2018
Jarred Vanderbilt,2019,2019,DEN,NBA,0,11,0,27,10.9,0.143,0.714,12,40.4,26.2,9.2,3.6,3.3,17.9,17.7,80,97,-0.1,0.1,0.005,-8.5,3.7,-4.8,0,2018
Grayson Allen,2019,2019,UTA,NBA,-0.1,32,1,300,4.6,0.632,0.342,0.4,3.6,2,8.5,0.6,0.8,11.8,21.7,91,112,-0.4,0.3,-0.021,-4.4,-3.5,-7.9,-0.4,2018
Kostas Antetokounmpo,2019,2019,DAL,NBA,-0.1,2,0,11,-0.8,0,1.333,0,9.7,4.9,0,8.8,0,17.4,22.5,39,97,-0.1,0,-0.247,-15.9,2.6,-13.3,0,2018
Isaac Bonga,2019,2019,LAL,NBA,-0.1,13,0,45,7,0.231,0.692,9.4,15.7,12.6,18.6,3.1,1.8,19.1,19.3,77,106,-0.1,0.1,-0.074,-7.4,1.9,-5.5,0,2018
Melvin Frazier,2019,2019,ORL,NBA,-0.1,9,0,40,2.4,0.222,0.111,7.9,5.4,6.7,3.7,1.2,0,5,21.7,79,112,-0.1,0,-0.095,-7.9,-3.6,-11.5,-0.1,2018
Alize Johnson,2019,2019,IND,NBA,-0.1,11,0,32,-0.5,0.2,0.4,3.5,23.9,13.9,0,0,2.8,0,16.1,61,107,-0.1,0,-0.103,-12.9,-4.2,-17.2,-0.1,2018
Sviatoslav Mykhailiuk,2019,2019,TOT,NBA,-0.1,42,0,440,6.1,0.636,0.143,2.2,6.2,4.2,11,1.5,0.2,12.4,16.1,91,114,-0.4,0.3,-0.015,-3.6,-2.2,-5.9,-0.4,2018
Jacob Evans,2019,2019,GSW,NBA,-0.2,27,0,134,0.7,0.242,0.03,3.3,9.2,6.4,14.4,0.4,0.6,17.3,12.9,79,115,-0.2,0.1,-0.068,-7.2,-2.1,-9.3,-0.2,2018
Dzanan Musa,2019,2019,BRK,NBA,-0.2,8,0,34,2.9,0.45,0.1,3.1,9.2,6.2,5,2.8,0,16.1,30.8,67,109,-0.2,0,-0.225,-9.9,-3.4,-13.3,-0.1,2018
Gary Trent,2019,2019,POR,NBA,-0.2,11,0,48,-0.4,0.455,0.182,0,13.1,6.7,2.8,0,1.7,7.8,22.7,69,114,-0.2,0,-0.162,-9.6,-4.5,-14.1,-0.1,2018
Lonnie Walker,2019,2019,SAS,NBA,-0.2,9,0,71,4.5,0.222,0.222,0,18.2,9.2,7.1,3.4,2.4,11.9,20.9,69,105,-0.3,0.1,-0.102,-9.4,1,-8.4,-0.1,2018
Chimezie Metu,2019,2019,SAS,NBA,-0.3,29,0,145,6.4,0.034,0.293,6.8,20.1,13.5,12.1,2,1.2,18.6,24.4,79,109,-0.5,0.2,-0.101,-8.8,-0.3,-9.2,-0.3,2018
Anfernee Simons,2019,2019,POR,NBA,-0.4,14,0,73,-4.5,0.4,0.267,0,10,5.1,7.4,0,0,19.3,24,61,116,-0.4,0,-0.249,-11.4,-4.5,-15.9,-0.3,2018
Jevon Carter,2019,2019,MEM,NBA,-0.5,30,3,435,4.5,0.532,0.127,1.3,9,5.1,16.7,2.5,2.2,16.3,16.4,78,108,-1,0.6,-0.052,-6.1,0.5,-5.6,-0.4,2018
Elie Okobo,2019,2019,PHO,NBA,-0.6,45,11,802,6.8,0.453,0.165,1.1,10.9,5.9,19.5,1.5,0.5,17.9,17,92,117,-0.8,0.2,-0.036,-4.2,-2.2,-6.4,-0.9,2018
Collin Sexton,2019,2019,CLE,NBA,-0.7,73,63,2269,11.7,0.23,0.217,2.3,8.5,5.3,15.2,0.8,0.2,12.5,25.3,100,120,-0.4,-0.3,-0.014,-1.8,-3.5,-5.3,-1.9,2018
Kevin Knox,2019,2019,NYK,NBA,-1.1,66,48,1872,8.7,0.391,0.235,2.9,13.6,8.1,5.8,1,0.9,9.9,22.1,94,116,-1.8,0.7,-0.028,-3.5,-2.4,-5.9,-1.8,2018
